jitter_ms,planned_steps,actual_steps,denoise_ms,total_cycle_ms,stop_reason,ego_x,ego_y,ego_yaw,ego_vx,delta_0,delta_1,delta_2,delta_3,delta_4,delta_5,delta_6,delta_7,delta_8,delta_9
54.1673,6,6,31.7375,85.9046,completed,3641.81,73717.62,-2.0398,0.00,0.0000,0.0787,0.1019,0.2125,2.4300,4.6221,,,,
52.1723,6,6,24.0123,76.1844,completed,3641.81,73717.62,-2.0398,0.00,0.0000,0.0998,0.7899,2.0697,0.3138,3.1719,,,,
32.4052,10,10,32.0736,64.4786,completed,3641.81,73717.62,-2.0398,0.00,0.0000,0.0944,0.2287,0.4242,0.4148,1.4995,3.3264,3.8588,4.4988,4.3858
43.3597,8,8,25.9487,69.3077,completed,3641.81,73717.62,-2.0398,0.00,0.0000,0.0405,0.1505,0.1199,0.6625,2.5524,4.1326,4.6127,,
35.6087,9,3,10.0778,45.6858,converged,3641.81,73717.62,-2.0398,0.00,0.0000,0.0400,0.0851,,,,,,,
47.6770,7,7,24.0418,71.7179,completed,3641.81,73717.62,-2.0398,0.00,0.0000,0.0930,0.1165,0.6067,0.7628,2.7046,4.1196,,,
54.6915,6,6,22.7589,77.4499,completed,3641.81,73717.62,-2.0398,0.00,0.0000,0.1205,0.5913,1.9554,0.2835,3.2764,,,,
26.9108,10,3,11.1265,38.0365,converged,3641.81,73717.62,-2.0398,0.00,0.0000,0.0386,0.0552,,,,,,,
41.0738,8,8,27.1052,68.1782,completed,3641.81,73717.62,-2.0398,0.00,0.0000,0.0592,0.1692,0.1109,0.5104,2.2464,4.1311,4.4779,,
40.3279,8,8,27.8017,68.1287,completed,3641.81,73717.62,-2.0398,0.00,0.0000,0.0798,0.2042,1.0649,0.7261,0.4576,2.6994,3.4260,,
33.3399,10,10,48.0135,81.3525,completed,3641.81,73717.62,-2.0398,0.00,0.0000,0.0517,0.1654,0.3142,0.1956,0.6835,2.5868,3.7311,4.3548,4.0246
34.3457,9,3,10.3354,44.6805,converged,3641.81,73717.62,-2.0398,0.00,0.0000,0.0506,0.0525,,,,,,,
28.9239,10,4,11.9533,40.8764,converged,3641.81,73717.62,-2.0398,0.00,0.0000,0.0407,0.1047,0.0944,,,,,,
56.4462,6,6,20.5325,76.9785,completed,3641.81,73717.62,-2.0398,0.00,0.0000,0.0666,0.2371,0.5874,1.6539,4.1509,,,,
52.5076,6,6,32.4506,84.9577,completed,3641.81,73717.62,-2.0398,0.00,0.0000,0.1011,0.3329,0.5841,3.6969,5.3972,,,,
54.1596,6,3,10.1531,64.3121,converged,3641.81,73717.62,-2.0398,0.00,0.0000,0.0879,0.0528,,,,,,,
48.8529,7,7,25.1763,74.0283,completed,3641.81,73717.62,-2.0398,0.00,0.0000,0.1174,0.3334,0.2239,1.7418,3.2859,4.9185,,,
59.5985,5,5,18.4669,78.0649,completed,3641.81,73717.62,-2.0398,0.00,0.0000,0.1760,0.8332,0.6608,3.6932,,,,,
44.0952,8,3,9.0669,53.1620,converged,3641.81,73717.62,-2.0398,0.00,0.0000,0.0590,0.0648,,,,,,,
41.0008,8,8,25.0103,66.0103,completed,3641.81,73717.62,-2.0398,0.00,0.0000,0.0766,0.1629,0.8118,0.4996,1.2010,3.2077,3.7432,,
47.8052,7,7,27.1994,75.0044,completed,3641.81,73717.62,-2.0398,0.00,0.0000,0.0664,0.1352,0.8046,1.1961,2.9435,4.2972,,,
22.9116,10,3,10.2690,33.1800,converged,3641.81,73717.62,-2.0398,0.00,0.0000,0.0385,0.0488,,,,,,,
57.2400,6,6,21.9405,79.1805,completed,3641.81,73717.62,-2.0398,0.00,0.0000,0.1837,0.4315,0.5056,3.5405,5.3425,,,,
25.1589,10,10,33.2519,58.4100,completed,3641.81,73717.62,-2.0398,0.00,0.0000,0.0473,0.1206,0.1286,0.3129,0.6151,2.3609,3.1222,3.9020,3.8263
49.1945,7,7,23.7457,72.9397,completed,3641.81,73717.62,-2.0398,0.00,0.0000,0.0812,0.1626,0.8410,0.7855,3.1632,4.1868,,,
32.9876,10,10,32.5324,65.5194,completed,3641.81,73717.62,-2.0398,0.00,0.0000,0.1167,0.2297,0.2212,0.2263,0.2652,1.4339,3.5037,5.1151,5.3252
39.4676,9,9,32.0051,71.4721,completed,3641.81,73717.62,-2.0398,0.00,0.0000,0.2674,0.4281,0.5065,0.4684,1.4991,4.0904,6.1951,6.4838,
43.9897,8,8,27.8031,71.7922,completed,3641.81,73717.62,-2.0398,0.00,0.0000,0.3670,0.5835,1.0299,1.0312,3.1481,6.1410,7.7284,,
43.8358,8,8,25.3954,69.2305,completed,3641.81,73717.62,-2.0398,0.00,0.0000,0.3994,0.6882,1.0487,0.6607,3.3093,6.7191,7.4018,,
38.0375,9,9,37.8833,75.9204,completed,3641.81,73717.62,-2.0398,0.00,0.0000,0.1170,0.2319,0.3882,0.5030,1.4980,3.4890,5.7268,5.7841,
32.0100,10,10,32.5777,64.5878,completed,3641.81,73717.62,-2.0398,0.00,0.0000,0.0555,0.1325,0.2046,0.2069,1.1522,2.7267,3.4255,4.3960,4.3175
45.9864,8,3,8.9240,54.9100,converged,3641.81,73717.62,-2.0398,0.00,0.0000,0.0610,0.0900,,,,,,,
26.4566,10,10,31.4463,57.9024,completed,3641.81,73717.62,-2.0398,0.00,0.0000,0.1015,0.1614,0.5041,1.7574,1.8424,0.9396,1.2419,2.4617,2.3912
42.7470,8,3,9.2951,52.0412,converged,3641.81,73717.62,-2.0398,0.00,0.0000,0.0420,0.0649,,,,,,,
58.0377,5,5,18.9426,76.9797,completed,3641.81,73717.62,-2.0398,0.00,0.0000,0.0963,0.4147,0.9745,3.9654,,,,,
38.1690,9,4,13.1527,51.3217,converged,3641.81,73717.62,-2.0398,0.00,0.0000,0.0400,0.1183,0.0799,,,,,,
43.8987,8,3,8.9006,52.7987,converged,3641.81,73717.62,-2.0398,0.00,0.0000,0.0536,0.0926,,,,,,,
22.9875,10,5,14.8076,37.7946,converged,3641.81,73717.62,-2.0398,0.00,0.0000,0.0499,0.1160,0.1303,0.0989,,,,,
42.2743,8,8,27.1425,69.4165,completed,3641.81,73717.62,-2.0398,0.00,0.0000,0.0610,0.1021,0.9199,1.6924,0.6561,2.5268,3.2762,,
37.0449,9,9,30.3333,67.3773,completed,3641.81,73717.62,-2.0398,0.00,0.0000,0.1430,0.4378,0.2311,0.2103,2.0085,2.7024,4.0201,4.4811,
23.8088,10,3,9.3125,33.1206,converged,3641.81,73717.62,-2.0398,0.00,0.0000,0.0461,0.0394,,,,,,,
39.4148,9,3,10.1536,49.5677,converged,3641.81,73717.62,-2.0398,0.00,0.0000,0.0426,0.0525,,,,,,,
36.0839,9,3,9.0765,45.1595,converged,3641.81,73717.62,-2.0398,0.00,0.0000,0.0375,0.0608,,,,,,,
41.5964,8,3,8.9714,50.5674,converged,3641.81,73717.62,-2.0398,0.00,0.0000,0.0573,0.0787,,,,,,,
48.7703,7,7,22.4113,71.1813,completed,3641.81,73717.62,-2.0398,0.00,0.0000,0.0702,0.1340,0.5529,1.4630,3.2995,4.6630,,,
41.6682,8,3,9.5027,51.1707,converged,3641.81,73717.62,-2.0398,0.00,0.0000,0.0490,0.0474,,,,,,,
49.8462,7,7,23.7924,73.6384,completed,3641.81,73717.62,-2.0398,0.00,0.0000,0.0731,0.1076,0.4990,1.1095,3.1606,4.4295,,,
45.2329,8,3,10.6478,55.8799,converged,3641.81,73717.62,-2.0398,0.00,0.0000,0.0467,0.0965,,,,,,,
31.2982,10,3,13.8916,45.1896,converged,3641.81,73717.62,-2.0398,0.00,0.0000,0.0380,0.0867,,,,,,,
27.3842,10,3,13.8776,41.2617,converged,3641.81,73717.62,-2.0398,0.00,0.0000,0.0332,0.0587,,,,,,,
53.1392,6,6,20.8791,74.0181,completed,3641.81,73717.62,-2.0398,0.00,0.0000,0.1264,0.1945,0.5649,3.4100,5.3069,,,,
58.8157,5,5,19.4254,78.2404,completed,3641.81,73717.62,-2.0398,0.00,0.0000,0.1512,0.2883,1.6707,4.6885,,,,,
51.5411,7,7,25.1632,76.7043,completed,3641.81,73717.62,-2.0398,0.00,0.0000,0.0790,0.2464,0.1036,2.3810,4.0770,5.2016,,,
56.4145,6,6,20.2688,76.6828,completed,3641.81,73717.62,-2.0398,0.01,0.0000,0.1258,0.1639,0.2504,2.9171,5.1381,,,,
50.5547,7,7,23.1368,73.6908,completed,3641.81,73717.62,-2.0398,0.01,0.0000,0.1006,0.3017,1.4807,0.7493,2.0528,3.5259,,,
30.8904,10,5,23.2795,54.1696,converged,3641.81,73717.61,-2.0397,0.12,0.0000,0.0494,0.1288,0.1148,0.0892,,,,,
21.1470,10,3,10.4141,31.5611,converged,3641.81,73717.61,-2.0397,0.12,0.0000,0.0361,0.0989,,,,,,,
51.6288,7,3,11.6662,63.2942,converged,3641.79,73717.57,-2.0395,0.29,0.0000,0.0379,0.0762,,,,,,,
45.6420,8,3,9.0416,54.6836,converged,3641.79,73717.57,-2.0395,0.29,0.0000,0.0388,0.0372,,,,,,,
49.1181,7,7,24.1321,73.2501,completed,3641.75,73717.49,-2.0390,0.47,0.0000,0.0623,0.1896,0.1617,1.5886,3.5508,5.7862,,,
58.4575,5,5,19.3305,77.7876,completed,3641.75,73717.49,-2.0390,0.47,0.0000,0.0532,0.2049,1.4975,5.1968,,,,,
23.3631,10,3,9.2185,32.5815,converged,3641.68,73717.36,-2.0373,0.64,0.0000,0.0545,0.0443,,,,,,,
27.4736,10,3,9.4558,36.9288,converged,3641.68,73717.36,-2.0373,0.64,0.0000,0.0391,0.0348,,,,,,,
35.8435,9,3,10.2223,46.0653,converged,3641.61,73717.23,-2.0350,0.78,0.0000,0.0361,0.0384,,,,,,,
50.1808,7,3,10.2729,60.4530,converged,3641.61,73717.23,-2.0350,0.78,0.0000,0.0710,0.0748,,,,,,,
49.8380,7,7,35.1952,85.0333,completed,3641.54,73717.08,-2.0312,0.90,0.0000,0.0537,0.2448,0.5718,1.2875,4.1171,6.4025,,,
56.9197,6,6,31.9609,88.8800,completed,3641.54,73717.08,-2.0312,0.90,0.0000,0.0735,0.2005,0.8341,1.1712,5.2865,,,,
39.6568,9,3,10.7660,50.4220,converged,3641.41,73716.82,-2.0233,1.06,0.0000,0.0377,0.0507,,,,,,,
30.5028,10,3,9.7152,40.2172,converged,3641.41,73716.82,-2.0233,1.06,0.0000,0.0358,0.0534,,,,,,,
23.2052,10,3,9.4945,32.6995,converged,3641.30,73716.59,-2.0177,1.16,0.0000,0.0398,0.0466,,,,,,,
20.0796,10,3,9.2351,29.3141,converged,3641.30,73716.59,-2.0177,1.16,0.0000,0.0192,0.0994,,,,,,,
31.9043,10,3,9.3205,41.2246,converged,3641.22,73716.43,-2.0141,1.23,0.0000,0.0618,0.0274,,,,,,,
21.4648,10,10,32.4550,53.9191,completed,3641.17,73716.32,-2.0118,1.28,0.0000,0.0212,0.1017,0.1981,0.5152,0.4918,1.7541,3.4420,5.4713,5.4046
37.3307,9,3,11.1238,48.4538,converged,3641.17,73716.32,-2.0118,1.28,0.0000,0.0181,0.0930,,,,,,,
21.8854,10,10,33.2747,55.1597,completed,3641.04,73716.05,-2.0070,1.36,0.0000,0.0357,0.1250,0.2033,0.3895,0.6542,1.3907,3.3121,5.4430,5.5060
39.1861,9,9,32.1494,71.3354,completed,3641.04,73716.05,-2.0070,1.36,0.0000,0.0335,0.1143,0.2189,0.1928,0.4703,2.2439,5.4693,5.7831,
24.8171,10,10,31.2559,56.0729,completed,3640.90,73715.74,-2.0023,1.36,0.0000,0.0374,0.1347,0.2152,0.3587,0.3601,1.3399,3.4151,5.5742,5.6098
49.5297,7,3,9.2484,58.7774,converged,3640.90,73715.74,-2.0023,1.36,0.0000,0.0300,0.0972,,,,,,,
58.1698,5,5,19.4178,77.5869,completed,3640.78,73715.47,-2.0020,1.26,0.0000,0.3256,0.6437,1.9668,7.6644,,,,,
27.7734,10,10,36.6641,64.4372,completed,3640.78,73715.47,-2.0020,1.26,0.0000,0.1028,0.2206,0.2260,0.2371,0.2806,1.3120,3.2267,5.6134,5.7827
45.9085,8,8,26.3013,72.2093,completed,3640.65,73715.19,-2.0036,1.15,0.0000,0.1350,0.2712,0.4671,0.9261,2.1487,6.0832,7.1695,,
46.9599,7,3,9.7202,56.6792,converged,3640.65,73715.19,-2.0036,1.15,0.0000,0.0760,0.0920,,,,,,,
49.1216,7,7,25.9080,75.0291,completed,3640.53,73714.94,-2.0050,1.04,0.0000,0.0733,0.1953,0.2213,0.2789,3.5988,6.6016,,,
49.8977,7,7,23.7341,73.6311,completed,3640.53,73714.94,-2.0050,1.04,0.0000,0.1440,0.2537,0.4128,1.2316,4.5816,7.4057,,,
43.8386,8,8,27.0838,70.9219,completed,3640.42,73714.70,-2.0056,0.88,0.0000,0.0310,0.1536,0.2644,0.2176,1.8443,5.3547,6.7004,,
59.5692,5,5,17.8961,77.4652,completed,3640.42,73714.70,-2.0056,0.88,0.0000,0.1091,0.5718,1.5957,7.1007,,,,,
28.3750,10,3,9.3711,37.7451,converged,3640.33,73714.50,-2.0080,0.79,0.0000,0.0494,0.0331,,,,,,,
46.4164,7,7,23.8692,70.2852,completed,3640.33,73714.50,-2.0080,0.79,0.0000,0.0360,0.1543,0.2939,0.9044,4.3349,6.8180,,,
49.5764,7,3,9.0612,58.6372,converged,3640.26,73714.34,-2.0101,0.70,0.0000,0.0352,0.0821,,,,,,,
50.7564,7,7,26.3342,77.0902,completed,3640.26,73714.34,-2.0101,0.70,0.0000,0.0310,0.1349,0.3325,1.1808,4.2396,7.2264,,,
47.7558,7,7,25.1260,72.8810,completed,3640.18,73714.19,-2.0132,0.65,0.0000,0.0441,0.1903,0.5397,1.4779,5.1548,7.3766,,,
39.1618,9,3,12.2943,51.4553,converged,3640.18,73714.19,-2.0132,0.65,0.0000,0.0610,0.0334,,,,,,,
35.5520,9,3,9.2203,44.7724,converged,3640.12,73714.05,-2.0160,0.63,0.0000,0.0683,0.0516,,,,,,,
54.7464,6,6,24.0469,78.7929,completed,3640.12,73714.05,-2.0160,0.63,0.0000,0.0572,0.1964,0.5233,2.8886,6.8257,,,,
48.0790,7,3,9.8768,57.9548,converged,3640.05,73713.91,-2.0184,0.65,0.0000,0.0519,0.0870,,,,,,,
40.3813,8,8,25.3506,65.7316,completed,3640.05,73713.91,-2.0184,0.65,0.0000,0.0554,0.1483,0.3816,0.8915,2.9897,6.4251,7.0908,,
45.4242,8,3,9.5158,54.9399,converged,3639.97,73713.75,-2.0219,0.70,0.0000,0.0520,0.0687,,,,,,,
49.8993,7,3,10.6838,60.5828,converged,3639.97,73713.75,-2.0219,0.70,0.0000,0.0663,0.0810,,,,,,,
25.8235,10,3,12.7955,38.6185,converged,3639.90,73713.61,-2.0244,0.69,0.0000,0.0839,0.0295,,,,,,,
56.3392,6,3,9.9603,66.2994,converged,3639.90,73713.61,-2.0244,0.69,0.0000,0.0950,0.0618,,,,,,,
57.8738,6,6,24.1421,82.0151,completed,3639.84,73713.47,-2.0266,0.70,0.0000,0.1005,0.1289,0.3486,3.5931,7.4869,,,,
40.6226,8,8,32.8947,73.5168,completed,3639.84,73713.47,-2.0266,0.70,0.0000,0.0848,0.2313,0.3106,1.0721,2.6352,5.4857,6.4572,,
39.5556,9,3,12.6120,52.1670,converged,3639.75,73713.29,-2.0286,0.76,0.0000,0.0391,0.0594,,,,,,,
45.1976,8,8,41.6554,86.8524,completed,3639.75,73713.29,-2.0286,0.76,0.0000,0.2992,0.4325,0.1084,0.8650,2.6121,4.4733,5.8210,,
56.8349,6,6,20.2058,77.0398,completed,3639.66,73713.12,-2.0291,0.76,0.0000,0.0483,0.1779,0.4715,3.2774,6.9300,,,,
36.2560,9,9,29.2045,65.4595,completed,3639.66,73713.12,-2.0291,0.76,0.0000,0.2126,0.3743,0.1131,0.3378,1.7476,2.6061,4.5497,5.0954,
56.6879,6,6,31.1404,87.8274,completed,3639.58,73712.96,-2.0297,0.70,0.0000,0.1117,0.2249,0.5851,2.5590,6.1691,,,,
21.4503,10,4,11.5719,33.0219,converged,3639.58,73712.96,-2.0297,0.70,0.0000,0.1307,0.2267,0.0464,,,,,,
45.7613,8,8,26.6321,72.3931,completed,3639.51,73712.80,-2.0301,0.68,0.0000,0.1554,0.3397,1.7049,3.4154,2.5193,3.0273,4.4063,,
39.6738,9,9,32.2022,71.8753,completed,3639.51,73712.80,-2.0301,0.68,0.0000,0.1038,0.1249,0.5097,1.4445,0.6395,1.7428,4.1058,4.5734,
48.7651,7,3,10.1428,58.9078,converged,3639.42,73712.63,-2.0286,0.68,0.0000,0.0691,0.0733,,,,,,,
39.0982,9,9,29.5219,68.6199,completed,3639.42,73712.63,-2.0286,0.68,0.0000,0.2248,0.3157,0.1338,0.1078,1.7855,3.1928,5.0217,5.6038,
22.4434,10,3,9.4671,31.9101,converged,3639.35,73712.48,-2.0252,0.64,0.0000,0.0591,0.0342,,,,,,,
38.6869,9,3,8.8798,47.5659,converged,3639.35,73712.48,-2.0252,0.64,0.0000,0.0256,0.0837,,,,,,,
20.1856,10,3,9.9072,30.0923,converged,3639.30,73712.38,-2.0227,0.62,0.0000,0.0746,0.0418,,,,,,,
52.7690,6,6,20.6426,73.4106,completed,3639.30,73712.38,-2.0227,0.62,0.0000,0.0791,0.1578,1.1977,1.7792,5.6517,,,,
27.2340,10,3,9.1466,36.3797,converged,3639.24,73712.26,-2.0202,0.58,0.0000,0.0483,0.0267,,,,,,,
31.4177,10,3,8.6643,40.0813,converged,3639.24,73712.26,-2.0202,0.58,0.0000,0.0308,0.0604,,,,,,,
29.7024,10,3,8.8780,38.5800,converged,3639.19,73712.16,-2.0193,0.59,0.0000,0.0490,0.0318,,,,,,,
51.0626,7,7,24.0772,75.1393,completed,3639.17,73712.11,-2.0191,0.59,0.0000,0.0922,0.1486,0.4295,1.8053,4.3337,6.6256,,,
23.5383,10,3,9.0963,32.6344,converged,3639.17,73712.11,-2.0191,0.59,0.0000,0.0431,0.0244,,,,,,,
33.6878,10,4,12.4586,46.1456,converged,3639.11,73711.99,-2.0190,0.61,0.0000,0.0617,0.1293,0.0786,,,,,,
45.6836,8,8,30.9516,76.6347,completed,3639.11,73711.99,-2.0190,0.61,0.0000,0.0459,0.1236,0.4164,1.0862,2.7168,5.7331,6.7274,,
22.5893,10,3,9.5540,32.1430,converged,3639.04,73711.84,-2.0188,0.65,0.0000,0.0512,0.0934,,,,,,,
29.6933,10,3,9.8747,39.5677,converged,3639.04,73711.84,-2.0188,0.65,0.0000,0.0334,0.0434,,,,,,,
28.0391,10,3,10.6714,38.7104,converged,3638.99,73711.74,-2.0189,0.69,0.0000,0.0512,0.0827,,,,,,,
23.7314,10,3,11.4037,35.1347,converged,3638.99,73711.74,-2.0189,0.69,0.0000,0.0543,0.0360,,,,,,,
45.7199,8,3,9.0274,54.7464,converged,3638.93,73711.61,-2.0188,0.68,0.0000,0.0542,0.0576,,,,,,,
45.1198,8,3,11.6955,56.8145,converged,3638.93,73711.61,-2.0188,0.68,0.0000,0.0477,0.0928,,,,,,,
24.5751,10,10,31.4462,56.0212,completed,3638.86,73711.47,-2.0186,0.72,0.0000,0.0467,0.1448,0.1706,0.4198,1.3043,2.2582,3.4159,4.9593,5.1872
35.1830,9,3,9.8033,44.9854,converged,3638.86,73711.47,-2.0186,0.72,0.0000,0.0709,0.0512,,,,,,,
30.6805,10,3,9.3883,40.0683,converged,3638.79,73711.32,-2.0178,0.78,0.0000,0.0516,0.0923,,,,,,,
43.2332,8,3,9.9715,53.2045,converged,3638.79,73711.32,-2.0178,0.78,0.0000,0.0441,0.0538,,,,,,,
44.1682,8,8,25.8885,70.0566,completed,3638.72,73711.17,-2.0162,0.83,0.0000,0.0861,0.1674,0.2392,0.9106,2.4957,4.7708,6.0481,,
22.0707,10,3,10.1262,32.1963,converged,3638.72,73711.17,-2.0162,0.83,0.0000,0.0588,0.0491,,,,,,,
22.2121,10,4,18.4596,40.6716,converged,3638.64,73711.00,-2.0120,0.87,0.0000,0.0765,0.1613,0.0867,,,,,,
25.3031,10,3,9.5728,34.8758,converged,3638.64,73711.00,-2.0120,0.87,0.0000,0.0309,0.0352,,,,,,,
27.9455,10,3,10.6338,38.5788,converged,3638.56,73710.84,-2.0083,0.90,0.0000,0.0291,0.0399,,,,,,,
29.6368,10,3,9.5872,39.2232,converged,3638.56,73710.84,-2.0083,0.90,0.0000,0.0288,0.0413,,,,,,,
27.3835,10,3,8.5040,35.8871,converged,3638.48,73710.68,-2.0048,0.92,0.0000,0.0345,0.0606,,,,,,,
51.3608,7,3,8.8072,60.1672,converged,3638.48,73710.68,-2.0048,0.92,0.0000,0.0601,0.0667,,,,,,,
34.0410,9,3,10.2474,44.2884,converged,3638.40,73710.50,-2.0010,0.97,0.0000,0.0320,0.0549,,,,,,,
28.9237,10,3,9.8951,38.8181,converged,3638.40,73710.50,-2.0010,0.97,0.0000,0.0436,0.0834,,,,,,,
24.9608,10,3,9.0034,33.9634,converged,3638.31,73710.30,-1.9959,1.04,0.0000,0.0589,0.0946,,,,,,,
27.7925,10,4,12.1411,39.9331,converged,3638.31,73710.30,-1.9959,1.04,0.0000,0.0772,0.1259,0.0966,,,,,,
41.5872,8,3,8.9663,50.5534,converged,3638.23,73710.13,-1.9930,1.10,0.0000,0.0439,0.0449,,,,,,,
30.2370,10,3,9.6902,39.9272,converged,3638.23,73710.13,-1.9930,1.10,0.0000,0.0621,0.0864,,,,,,,
26.8477,10,3,9.8646,36.7117,converged,3638.14,73709.92,-1.9903,1.16,0.0000,0.0253,0.0318,,,,,,,
32.6279,10,3,10.5625,43.1895,converged,3638.14,73709.92,-1.9903,1.16,0.0000,0.0655,0.0903,,,,,,,
25.4150,10,3,9.7293,35.1444,converged,3638.05,73709.70,-1.9867,1.22,0.0000,0.0324,0.0541,,,,,,,
32.9654,10,10,35.2207,68.1857,completed,3638.05,73709.70,-1.9867,1.22,0.0000,0.0608,0.1027,0.1050,0.2524,0.2017,1.4011,3.2379,5.2487,5.4517
36.1013,9,3,9.1537,45.2548,converged,3637.93,73709.45,-1.9812,1.28,0.0000,0.0316,0.0679,,,,,,,
43.5739,8,3,9.7667,53.3398,converged,3637.93,73709.45,-1.9812,1.28,0.0000,0.0778,0.0465,,,,,,,
24.5652,10,3,10.2097,34.7747,converged,3637.83,73709.21,-1.9755,1.32,0.0000,0.0301,0.0510,,,,,,,
22.6835,10,4,12.5701,35.2531,converged,3637.83,73709.21,-1.9755,1.32,0.0000,0.1054,0.1207,0.0376,,,,,,
26.5209,10,10,33.4874,60.0074,completed,3637.72,73708.96,-1.9705,1.34,0.0000,0.0680,0.1186,0.1529,0.3852,0.1860,1.5086,3.6956,5.6659,5.7354
24.0069,10,10,34.4754,58.4814,completed,3637.72,73708.96,-1.9705,1.34,0.0000,0.1575,0.1986,0.1586,0.3663,1.0184,2.3118,4.1800,5.8548,5.8593
25.6729,10,3,8.9687,34.6407,converged,3637.61,73708.68,-1.9675,1.38,0.0000,0.0489,0.0741,,,,,,,
26.5074,10,4,12.2322,38.7392,converged,3637.61,73708.68,-1.9675,1.38,0.0000,0.1182,0.1541,0.0936,,,,,,
45.8714,8,3,9.2075,55.0785,converged,3637.50,73708.42,-1.9650,1.39,0.0000,0.0735,0.0922,,,,,,,
44.7606,8,8,25.8660,70.6260,completed,3637.50,73708.42,-1.9650,1.39,0.0000,0.1386,0.1538,0.2135,0.3268,2.3724,5.4554,6.3985,,
28.7818,10,3,9.3335,38.1146,converged,3637.38,73708.14,-1.9616,1.37,0.0000,0.0311,0.0437,,,,,,,
24.0488,10,3,9.8932,33.9412,converged,3637.33,73708.01,-1.9609,1.38,0.0000,0.0728,0.0983,,,,,,,
52.6154,6,3,10.9669,63.5819,converged,3637.28,73707.88,-1.9602,1.39,0.0000,0.0910,0.0753,,,,,,,
33.2009,10,3,13.2064,46.4065,converged,3637.28,73707.88,-1.9602,1.39,0.0000,0.0713,0.0764,,,,,,,
28.4173,10,3,9.3777,37.7947,converged,3637.16,73707.59,-1.9575,1.41,0.0000,0.0358,0.0678,,,,,,,
39.4811,9,3,9.0483,48.5293,converged,3637.16,73707.59,-1.9575,1.41,0.0000,0.0869,0.0903,,,,,,,
21.6956,10,3,12.3701,34.0651,converged,3637.05,73707.33,-1.9565,1.43,0.0000,0.0333,0.0605,,,,,,,
49.3591,7,3,9.7125,59.0716,converged,3637.05,73707.33,-1.9565,1.43,0.0000,0.1009,0.0581,,,,,,,
25.2294,10,3,12.9846,38.2136,converged,3636.93,73707.02,-1.9552,1.48,0.0000,0.0349,0.0644,,,,,,,
42.9894,8,8,27.8289,70.8180,completed,3636.93,73707.02,-1.9552,1.48,0.0000,0.0302,0.1096,0.3889,0.9726,1.3210,4.3322,5.8342,,
22.9318,10,3,10.2374,33.1684,converged,3636.80,73706.71,-1.9525,1.54,0.0000,0.0331,0.0787,,,,,,,
38.6994,9,9,32.7548,71.4539,completed,3636.80,73706.71,-1.9525,1.54,0.0000,0.0690,0.1054,0.1124,0.3789,0.8626,3.1616,5.8980,6.3632,
25.0262,10,3,9.0734,34.0995,converged,3636.67,73706.38,-1.9493,1.59,0.0000,0.0207,0.0532,,,,,,,
22.6314,10,3,9.4345,32.0656,converged,3636.67,73706.38,-1.9493,1.59,0.0000,0.0282,0.0551,,,,,,,
52.8377,6,3,8.9653,61.8023,converged,3636.57,73706.12,-1.9465,1.62,0.0000,0.0474,0.0854,,,,,,,
39.5426,9,3,9.5190,49.0611,converged,3636.57,73706.12,-1.9465,1.62,0.0000,0.0523,0.0523,,,,,,,
21.2999,10,3,9.4457,30.7447,converged,3636.43,73705.78,-1.9432,1.63,0.0000,0.0434,0.0590,,,,,,,
53.9644,6,3,8.9826,62.9466,converged,3636.43,73705.78,-1.9432,1.63,0.0000,0.1777,0.0496,,,,,,,
53.8601,6,3,9.7125,63.5725,converged,3636.31,73705.47,-1.9412,1.66,0.0000,0.0880,0.0986,,,,,,,
41.8886,8,8,26.2874,68.1754,completed,3636.31,73705.47,-1.9412,1.66,0.0000,0.1495,0.1656,0.1788,0.5663,2.2334,5.7884,6.9304,,
27.6995,10,3,9.9932,37.6922,converged,3636.16,73705.08,-1.9347,1.71,0.0000,0.0396,0.0768,,,,,,,
45.3443,8,4,18.3843,63.7284,converged,3636.16,73705.08,-1.9347,1.71,0.0000,0.1197,0.1272,0.0712,,,,,,
55.1154,6,3,14.1299,69.2449,converged,3636.04,73704.76,-1.9274,1.74,0.0000,0.0721,0.0683,,,,,,,
56.6992,6,6,21.9535,78.6526,completed,3636.04,73704.76,-1.9274,1.74,0.0000,0.0979,0.2610,1.1803,2.0222,6.1694,,,,
39.4686,9,3,8.4878,47.9558,converged,3635.87,73704.30,-1.9194,1.79,0.0000,0.0482,0.0772,,,,,,,
26.0984,10,4,12.3490,38.4470,converged,3635.87,73704.30,-1.9194,1.79,0.0000,0.0926,0.1247,0.0737,,,,,,
39.3289,9,3,9.0990,48.4270,converged,3635.75,73703.96,-1.9163,1.82,0.0000,0.0402,0.0248,,,,,,,
39.0308,9,3,9.4580,48.4881,converged,3635.75,73703.96,-1.9163,1.82,0.0000,0.0692,0.0878,,,,,,,
52.6126,6,6,27.3636,79.9757,completed,3635.61,73703.57,-1.9108,1.86,0.0000,0.1638,0.1316,0.4091,3.9799,8.4810,,,,
28.7740,10,3,10.7012,39.4742,converged,3635.61,73703.57,-1.9108,1.86,0.0000,0.0577,0.0648,,,,,,,
22.2375,10,3,11.3844,33.6214,converged,3635.47,73703.17,-1.9039,1.89,0.0000,0.0388,0.0624,,,,,,,
48.5567,7,4,11.5714,60.1275,converged,3635.47,73703.17,-1.9039,1.89,0.0000,0.1373,0.1477,0.0883,,,,,,
32.7829,10,4,11.8532,44.6352,converged,3635.33,73702.77,-1.8960,1.92,0.0000,0.0811,0.1104,0.0718,,,,,,
37.1608,9,3,10.7587,47.9187,converged,3635.33,73702.77,-1.8960,1.92,0.0000,0.0643,0.0639,,,,,,,
30.1392,10,10,32.1911,62.3302,completed,3635.20,73702.36,-1.8866,1.94,0.0000,0.0620,0.1078,0.1171,0.2122,0.2948,1.2434,3.9519,6.4422,6.6852
54.8317,6,6,26.0165,80.8475,completed,3635.20,73702.36,-1.8866,1.94,0.0000,0.1594,0.1131,0.1801,2.7017,6.9203,,,,
33.8343,10,3,9.2120,43.0460,converged,3635.05,73701.89,-1.8772,1.97,0.0000,0.0341,0.0631,,,,,,,
35.6279,9,3,13.9794,49.6064,converged,3635.05,73701.89,-1.8772,1.97,0.0000,0.0723,0.0934,,,,,,,
37.2229,9,4,12.1284,49.3505,converged,3634.91,73701.47,-1.8690,1.94,0.0000,0.0591,0.1005,0.0848,,,,,,
58.9667,5,5,17.2766,76.2426,completed,3634.91,73701.47,-1.8690,1.94,0.0000,0.2023,0.2928,1.8654,6.9637,,,,,
51.4505,7,7,28.5219,79.9719,completed,3634.79,73701.06,-1.8617,1.90,0.0000,0.0821,0.1262,0.1342,0.7421,4.2332,7.9087,,,
57.6194,6,6,21.0789,78.6980,completed,3634.79,73701.06,-1.8617,1.90,0.0000,0.1267,0.1142,0.2180,3.0566,7.5720,,,,
41.2492,8,3,9.6876,50.9366,converged,3634.64,73700.56,-1.8568,1.91,0.0000,0.0577,0.0931,,,,,,,
57.4837,6,3,10.0603,67.5433,converged,3634.64,73700.56,-1.8568,1.91,0.0000,0.0709,0.0930,,,,,,,
24.1117,10,3,10.4909,34.6020,converged,3634.51,73700.10,-1.8535,1.89,0.0000,0.0496,0.0883,,,,,,,
45.7004,8,3,13.8392,59.5392,converged,3634.51,73700.10,-1.8535,1.89,0.0000,0.0863,0.0983,,,,,,,
39.9903,9,4,12.4316,52.4216,converged,3634.40,73699.74,-1.8494,1.86,0.0000,0.0830,0.1225,0.0945,,,,,,
39.8053,9,3,9.3923,49.1973,converged,3634.40,73699.74,-1.8494,1.86,0.0000,0.0485,0.0558,,,,,,,
55.6379,6,6,19.8758,75.5128,completed,3634.29,73699.33,-1.8442,1.90,0.0000,0.1747,0.1861,0.4179,2.9953,7.8121,,,,
56.7924,6,3,9.4408,66.2328,converged,3634.29,73699.33,-1.8442,1.90,0.0000,0.1444,0.0508,,,,,,,
49.6196,7,7,25.2769,74.8960,completed,3634.16,73698.87,-1.8401,1.93,0.0000,0.1134,0.1204,0.2357,0.7847,5.0240,8.0134,,,
30.0168,10,3,10.3287,40.3447,converged,3634.16,73698.87,-1.8401,1.93,0.0000,0.0722,0.0905,,,,,,,
50.5112,7,7,22.9052,73.4163,completed,3634.04,73698.45,-1.8372,1.91,0.0000,0.1137,0.1294,0.2015,0.8632,5.2234,8.4034,,,
31.8757,10,4,13.1596,45.0347,converged,3634.04,73698.45,-1.8372,1.91,0.0000,0.1164,0.1520,0.0803,,,,,,
42.0976,8,3,9.4512,51.5483,converged,3633.93,73698.04,-1.8343,1.83,0.0000,0.0143,0.0472,,,,,,,
45.8708,8,3,13.3582,59.2282,converged,3633.93,73698.04,-1.8343,1.83,0.0000,0.0358,0.0659,,,,,,,
45.6501,8,3,13.6795,59.3295,converged,3633.83,73697.66,-1.8306,1.74,0.0000,0.0144,0.0562,,,,,,,
59.9602,5,3,11.8635,71.8235,converged,3633.83,73697.66,-1.8306,1.74,0.0000,0.1559,0.0984,,,,,,,
55.9041,6,3,11.7065,67.6105,converged,3633.72,73697.25,-1.8257,1.67,0.0000,0.0773,0.0734,,,,,,,
36.4124,9,3,10.3415,46.7535,converged,3633.72,73697.25,-1.8257,1.67,0.0000,0.0671,0.0833,,,,,,,
41.0414,8,3,9.2887,50.3298,converged,3633.62,73696.84,-1.8225,1.68,0.0000,0.0071,0.0212,,,,,,,
53.7540,6,3,13.9865,67.7395,converged,3633.62,73696.84,-1.8225,1.68,0.0000,0.1623,0.0937,,,,,,,
51.4860,7,3,12.5148,64.0009,converged,3633.52,73696.47,-1.8210,1.73,0.0000,0.0706,0.0476,,,,,,,
33.1775,10,4,12.7957,45.9727,converged,3633.52,73696.47,-1.8210,1.73,0.0000,0.1027,0.1168,0.0432,,,,,,
25.7593,10,3,10.5244,36.2834,converged,3633.43,73696.09,-1.8181,1.79,0.0000,0.0051,0.0297,,,,,,,
48.8051,7,3,11.6456,60.4506,converged,3633.43,73696.09,-1.8181,1.79,0.0000,0.0774,0.0249,,,,,,,
31.2790,10,3,9.9515,41.2295,converged,3633.34,73695.73,-1.8143,1.84,0.0000,0.0175,0.0167,,,,,,,
30.8622,10,3,9.6080,40.4700,converged,3633.34,73695.73,-1.8143,1.84,0.0000,0.0746,0.0839,,,,,,,
20.6222,10,3,8.4833,29.1054,converged,3633.25,73695.37,-1.8105,1.88,0.0000,0.0467,0.0614,,,,,,,
57.4127,6,3,9.2438,66.6558,converged,3633.25,73695.37,-1.8105,1.88,0.0000,0.2424,0.0789,,,,,,,
34.8578,9,3,9.2922,44.1492,converged,3633.16,73695.00,-1.8077,1.92,0.0000,0.0434,0.0750,,,,,,,
45.5378,8,4,12.6057,58.1427,converged,3633.16,73695.00,-1.8077,1.92,0.0000,0.1472,0.1341,0.0519,,,,,,
46.9550,7,3,8.8751,55.8292,converged,3633.06,73694.58,-1.8063,1.96,0.0000,0.0170,0.0513,,,,,,,
59.7232,5,3,10.1897,69.9127,converged,3633.06,73694.58,-1.8063,1.96,0.0000,0.1507,0.0789,,,,,,,
40.2847,8,3,10.0163,50.3004,converged,3632.94,73694.10,-1.8046,2.00,0.0000,0.0460,0.0308,,,,,,,
46.7284,7,3,9.6864,56.4144,converged,3632.94,73694.10,-1.8046,2.00,0.0000,0.1078,0.0971,,,,,,,
54.5930,6,3,10.5330,65.1251,converged,3632.85,73693.71,-1.8016,2.02,0.0000,0.0164,0.0268,,,,,,,
26.0269,10,4,12.9921,39.0182,converged,3632.85,73693.71,-1.8016,2.02,0.0000,0.1220,0.1313,0.0564,,,,,,
20.4906,10,3,10.7394,31.2294,converged,3632.74,73693.26,-1.7961,2.06,0.0000,0.0229,0.0100,,,,,,,
48.0121,7,3,10.7669,58.7789,converged,3632.74,73693.26,-1.7961,2.06,0.0000,0.0730,0.0638,,,,,,,
21.2483,10,3,9.1880,30.4361,converged,3632.65,73692.85,-1.7900,2.10,0.0000,0.0051,0.0204,,,,,,,
35.7462,9,3,9.3180,45.0641,converged,3632.65,73692.85,-1.7900,2.10,0.0000,0.0265,0.0149,,,,,,,
56.4139,6,3,9.5076,65.9206,converged,3632.56,73692.44,-1.7824,2.15,0.0000,0.0420,0.0922,,,,,,,
48.1487,7,3,10.5312,58.6793,converged,3632.56,73692.44,-1.7824,2.15,0.0000,0.0372,0.0130,,,,,,,
53.3548,6,6,22.5478,75.9018,completed,3632.46,73691.96,-1.7720,2.17,0.0000,0.0327,0.1190,0.3797,3.5048,8.3693,,,,
40.6392,8,3,12.1758,52.8148,converged,3632.46,73691.96,-1.7720,2.17,0.0000,0.0646,0.0777,,,,,,,
44.2718,8,3,9.0744,53.3454,converged,3632.36,73691.42,-1.7631,2.19,0.0000,0.0102,0.0256,,,,,,,
24.5190,10,3,11.5647,36.0837,converged,3632.36,73691.42,-1.7631,2.19,0.0000,0.0127,0.0290,,,,,,,
42.8455,8,3,8.6613,51.5063,converged,3632.27,73690.99,-1.7582,2.19,0.0000,0.0201,0.0114,,,,,,,
27.6096,10,3,9.1620,36.7710,converged,3632.27,73690.99,-1.7582,2.19,0.0000,0.0195,0.0507,,,,,,,
23.2693,10,3,9.0117,32.2807,converged,3632.19,73690.56,-1.7520,2.18,0.0000,0.0353,0.0117,,,,,,,
41.6548,8,3,9.4130,51.0671,converged,3632.19,73690.56,-1.7520,2.18,0.0000,0.0043,0.0394,,,,,,,
58.0507,5,3,10.1386,68.1887,converged,3632.12,73690.13,-1.7449,2.18,0.0000,0.0125,0.0585,,,,,,,
35.2728,9,3,10.7961,46.0681,converged,3632.12,73690.13,-1.7449,2.18,0.0000,0.0157,0.0144,,,,,,,
56.7760,6,3,10.6774,67.4534,converged,3632.03,73689.65,-1.7364,2.19,0.0000,0.0122,0.0591,,,,,,,
54.6180,6,3,9.0195,63.6376,converged,3632.03,73689.65,-1.7364,2.19,0.0000,0.0145,0.0501,,,,,,,
52.7348,6,3,8.7033,61.4374,converged,3631.95,73689.16,-1.7315,2.20,0.0000,0.0458,0.0521,,,,,,,
48.0335,7,3,9.5188,57.5518,converged,3631.95,73689.16,-1.7315,2.20,0.0000,0.0145,0.0250,,,,,,,
33.9655,10,3,9.2502,43.2152,converged,3631.87,73688.62,-1.7278,2.20,0.0000,0.0251,0.0047,,,,,,,
57.7310,6,3,9.8909,67.6219,converged,3631.87,73688.62,-1.7278,2.20,0.0000,0.0151,0.0379,,,,,,,
24.2397,10,3,9.6098,33.8488,converged,3631.79,73688.13,-1.7236,2.19,0.0000,0.0240,0.0059,,,,,,,
38.0626,9,3,9.0741,47.1361,converged,3631.79,73688.13,-1.7236,2.19,0.0000,0.0051,0.0171,,,,,,,
37.7486,9,3,10.6330,48.3811,converged,3631.73,73687.75,-1.7201,2.20,0.0000,0.0362,0.0152,,,,,,,
38.2065,9,3,10.4264,48.6324,converged,3631.73,73687.75,-1.7201,2.20,0.0000,0.0131,0.0106,,,,,,,
46.9793,7,3,13.0816,60.0606,converged,3631.66,73687.26,-1.7162,2.20,0.0000,0.0215,0.0177,,,,,,,
21.7605,10,3,12.3014,34.0614,converged,3631.66,73687.26,-1.7162,2.20,0.0000,0.0295,0.0098,,,,,,,
54.8959,6,3,9.4250,64.3200,converged,3631.60,73686.83,-1.7129,2.20,0.0000,0.0130,0.0570,,,,,,,
48.6900,7,3,8.7967,57.4858,converged,3631.60,73686.83,-1.7129,2.20,0.0000,0.0369,0.0341,,,,,,,
35.6777,9,3,9.1602,44.8372,converged,3631.53,73686.33,-1.7092,2.21,0.0000,0.0068,0.0267,,,,,,,
53.7864,6,3,11.2659,65.0519,converged,3631.53,73686.33,-1.7092,2.21,0.0000,0.0169,0.0397,,,,,,,
31.9783,10,3,8.7118,40.6899,converged,3631.46,73685.84,-1.7034,2.21,0.0000,0.0069,0.0191,,,,,,,
53.1311,6,3,8.5697,61.7007,converged,3631.46,73685.84,-1.7034,2.21,0.0000,0.0103,0.0484,,,,,,,
46.9442,7,3,10.6449,57.5889,converged,3631.39,73685.35,-1.6950,2.22,0.0000,0.0187,0.0146,,,,,,,
40.1071,8,3,10.4179,50.5249,converged,3631.39,73685.35,-1.6950,2.22,0.0000,0.0127,0.0285,,,,,,,
21.9268,10,3,9.3531,31.2791,converged,3631.33,73684.85,-1.6878,2.23,0.0000,0.0395,0.0216,,,,,,,
55.1574,6,3,9.1535,64.3105,converged,3631.33,73684.85,-1.6878,2.23,0.0000,0.0088,0.0307,,,,,,,
35.1387,9,3,13.9903,49.1284,converged,3631.28,73684.40,-1.6832,2.23,0.0000,0.0407,0.0126,,,,,,,
53.6852,6,3,10.5463,64.2314,converged,3631.28,73684.40,-1.6832,2.23,0.0000,0.0402,0.0532,,,,,,,
55.1966,6,3,9.4012,64.5972,converged,3631.22,73683.85,-1.6760,2.24,0.0000,0.0629,0.0240,,,,,,,
38.8229,9,3,9.4255,48.2476,converged,3631.22,73683.85,-1.6760,2.24,0.0000,0.0286,0.0256,,,,,,,
51.2929,7,3,9.4231,60.7151,converged,3631.17,73683.35,-1.6687,2.23,0.0000,0.0330,0.0459,,,,,,,
24.9249,10,3,9.3408,34.2648,converged,3631.17,73683.35,-1.6687,2.23,0.0000,0.0191,0.0190,,,,,,,
35.8713,9,3,9.0637,44.9348,converged,3631.13,73682.91,-1.6641,2.22,0.0000,0.0090,0.0065,,,,,,,
59.6458,5,3,10.6822,70.3272,converged,3631.13,73682.91,-1.6641,2.22,0.0000,0.0154,0.0890,,,,,,,
35.7919,9,3,9.8595,45.6505,converged,3631.08,73682.41,-1.6597,2.21,0.0000,0.0089,0.0110,,,,,,,
41.1710,8,3,13.6587,54.8298,converged,3631.08,73682.41,-1.6597,2.21,0.0000,0.0055,0.0195,,,,,,,
22.0299,10,3,9.8435,31.8725,converged,3631.05,73681.97,-1.6551,2.21,0.0000,0.0394,0.0375,,,,,,,
33.3973,10,3,9.6438,43.0408,converged,3631.05,73681.97,-1.6551,2.21,0.0000,0.0057,0.0133,,,,,,,
21.4089,10,3,10.4750,31.8830,converged,3631.01,73681.53,-1.6504,2.20,0.0000,0.0174,0.0061,,,,,,,
24.6375,10,3,9.8714,34.5085,converged,3631.01,73681.53,-1.6504,2.20,0.0000,0.0223,0.0339,,,,,,,
27.5091,10,3,10.8208,38.3298,converged,3630.98,73681.09,-1.6453,2.19,0.0000,0.0230,0.0248,,,,,,,
57.1983,6,6,26.1272,83.3252,completed,3630.98,73681.09,-1.6453,2.19,0.0000,0.0394,0.1166,0.6059,1.5624,5.9917,,,,
59.9787,5,3,9.1851,69.1632,converged,3630.94,73680.60,-1.6393,2.20,0.0000,0.0196,0.0498,,,,,,,
56.8739,6,3,9.4089,66.2819,converged,3630.94,73680.60,-1.6393,2.20,0.0000,0.0373,0.0756,,,,,,,
58.6149,5,5,18.1946,76.8086,completed,3630.90,73679.99,-1.6341,2.19,0.0000,0.0463,0.1847,0.9183,5.4752,,,,,
44.5654,8,3,9.5212,54.0862,converged,3630.90,73679.99,-1.6341,2.19,0.0000,0.0084,0.0106,,,,,,,
38.5055,9,3,8.8934,47.3985,converged,3630.87,73679.50,-1.6294,2.19,0.0000,0.0203,0.0267,,,,,,,
32.7598,10,3,8.9137,41.6728,converged,3630.87,73679.50,-1.6294,2.19,0.0000,0.0233,0.0180,,,,,,,
20.1128,10,3,13.5794,33.6914,converged,3630.85,73679.06,-1.6220,2.19,0.0000,0.0260,0.0296,,,,,,,
36.0944,9,3,9.4888,45.5828,converged,3630.85,73679.06,-1.6220,2.19,0.0000,0.0368,0.0270,,,,,,,
32.7010,10,3,12.9428,45.6429,converged,3630.83,73678.63,-1.6132,2.17,0.0000,0.0095,0.0202,,,,,,,
57.8578,6,3,10.7742,68.6312,converged,3630.83,73678.63,-1.6132,2.17,0.0000,0.0128,0.0873,,,,,,,
20.5745,10,3,9.3221,29.8961,converged,3630.81,73678.09,-1.6025,2.16,0.0000,0.0336,0.0448,,,,,,,
30.9502,10,3,9.6039,40.5540,converged,3630.81,73678.09,-1.6025,2.16,0.0000,0.0202,0.0128,,,,,,,
25.5242,10,3,8.9208,34.4448,converged,3630.79,73677.66,-1.5953,2.16,0.0000,0.0404,0.0344,,,,,,,
51.5938,7,3,13.6557,65.2488,converged,3630.79,73677.66,-1.5953,2.16,0.0000,0.0440,0.0557,,,,,,,
50.5819,7,3,13.8964,64.4774,converged,3630.78,73677.22,-1.5889,2.16,0.0000,0.0107,0.0513,,,,,,,
44.1664,8,3,10.6959,54.8619,converged,3630.78,73677.22,-1.5889,2.16,0.0000,0.0490,0.0335,,,,,,,
22.9875,10,3,9.0409,32.0279,converged,3630.78,73676.69,-1.5831,2.14,0.0000,0.0033,0.0134,,,,,,,
36.2581,9,3,9.3209,45.5789,converged,3630.78,73676.69,-1.5831,2.14,0.0000,0.0133,0.0324,,,,,,,
28.4037,10,3,9.4910,37.8940,converged,3630.77,73676.26,-1.5806,2.12,0.0000,0.0183,0.0213,,,,,,,
53.7469,6,6,21.8260,75.5720,completed,3630.77,73676.26,-1.5806,2.12,0.0000,0.0475,0.1914,0.5135,1.8164,5.5860,,,,
48.9591,7,3,9.0195,57.9785,converged,3630.77,73675.78,-1.5765,2.11,0.0000,0.0152,0.0159,,,,,,,
27.1581,10,3,8.9334,36.0914,converged,3630.77,73675.78,-1.5765,2.11,0.0000,0.0148,0.0207,,,,,,,
22.1498,10,3,8.6899,30.8389,converged,3630.77,73675.36,-1.5731,2.09,0.0000,0.0095,0.0178,,,,,,,
28.7158,10,3,8.8795,37.5946,converged,3630.77,73675.36,-1.5731,2.09,0.0000,0.0103,0.0195,,,,,,,
56.3056,6,3,9.5288,65.8338,converged,3630.77,73674.94,-1.5710,2.09,0.0000,0.0213,0.0707,,,,,,,
23.1837,10,3,9.6065,32.7895,converged,3630.77,73674.94,-1.5710,2.09,0.0000,0.0102,0.0258,,,,,,,
52.8376,6,3,10.0065,62.8436,converged,3630.77,73674.47,-1.5670,2.09,0.0000,0.0523,0.0484,,,,,,,
26.6196,10,3,13.9160,40.5351,converged,3630.77,73674.47,-1.5670,2.09,0.0000,0.0073,0.0225,,,,,,,
44.2872,8,3,9.1738,53.4608,converged,3630.77,73673.95,-1.5613,2.09,0.0000,0.0238,0.0225,,,,,,,
44.8574,8,3,10.7392,55.5962,converged,3630.77,73673.95,-1.5613,2.09,0.0000,0.0272,0.0502,,,,,,,
46.7035,7,3,9.7999,56.5029,converged,3630.78,73673.48,-1.5553,2.09,0.0000,0.0320,0.0201,,,,,,,
40.8589,8,3,10.3730,51.2311,converged,3630.78,73673.48,-1.5553,2.09,0.0000,0.0122,0.0341,,,,,,,
34.7144,9,3,9.2089,43.9230,converged,3630.79,73673.01,-1.5476,2.09,0.0000,0.0506,0.0482,,,,,,,
56.6731,6,6,23.8516,80.5246,completed,3630.79,73673.01,-1.5476,2.09,0.0000,0.0177,0.1235,0.3697,1.5828,4.8238,,,,
21.7790,10,3,9.8583,31.6363,converged,3630.80,73672.54,-1.5393,2.09,0.0000,0.0164,0.0311,,,,,,,
47.3107,7,3,14.7217,62.0317,converged,3630.80,73672.54,-1.5393,2.09,0.0000,0.0152,0.0528,,,,,,,
34.0643,9,3,10.8980,44.9621,converged,3630.81,73672.07,-1.5326,2.10,0.0000,0.0396,0.0222,,,,,,,
48.9929,7,3,8.9676,57.9596,converged,3630.81,73672.07,-1.5326,2.10,0.0000,0.0648,0.0228,,,,,,,
21.2787,10,3,9.3885,30.6665,converged,3630.83,73671.65,-1.5273,2.10,0.0000,0.0208,0.0314,,,,,,,
29.7648,10,3,9.0431,38.8071,converged,3630.83,73671.65,-1.5273,2.10,0.0000,0.0315,0.0346,,,,,,,
53.1184,6,4,16.8746,69.9926,converged,3630.85,73671.28,-1.5240,2.10,0.0000,0.0352,0.1078,0.0507,,,,,,
35.0820,9,3,10.3536,45.4356,converged,3630.85,73671.28,-1.5240,2.10,0.0000,0.0179,0.0078,,,,,,,
40.8818,8,3,11.1988,52.0798,converged,3630.87,73670.76,-1.5224,2.09,0.0000,0.0525,0.0292,,,,,,,
28.2161,10,3,10.3219,38.5380,converged,3630.87,73670.76,-1.5224,2.09,0.0000,0.0392,0.0312,,,,,,,
38.4212,9,3,9.6453,48.0663,converged,3630.89,73670.34,-1.5232,2.09,0.0000,0.0449,0.0499,,,,,,,
39.2516,9,3,10.1663,49.4173,converged,3630.89,73670.34,-1.5232,2.09,0.0000,0.0597,0.0246,,,,,,,
43.7652,8,3,9.2149,52.9799,converged,3630.91,73669.93,-1.5233,2.08,0.0000,0.0437,0.0247,,,,,,,
21.0733,10,3,9.4038,30.4769,converged,3630.91,73669.93,-1.5233,2.08,0.0000,0.0547,0.0596,,,,,,,
44.8132,8,3,9.0030,53.8160,converged,3630.93,73669.51,-1.5219,2.08,0.0000,0.0635,0.0521,,,,,,,
33.6892,10,3,9.7895,43.4785,converged,3630.93,73669.51,-1.5219,2.08,0.0000,0.0684,0.0671,,,,,,,
30.9814,10,3,10.2488,41.2298,converged,3630.96,73669.04,-1.5183,2.07,0.0000,0.0257,0.0281,,,,,,,
49.6836,7,3,8.9479,58.6310,converged,3630.96,73669.04,-1.5183,2.07,0.0000,0.0735,0.0328,,,,,,,
45.2293,8,3,10.6581,55.8872,converged,3630.98,73668.63,-1.5139,2.08,0.0000,0.0547,0.0434,,,,,,,
34.6421,9,3,10.1309,44.7729,converged,3630.98,73668.63,-1.5139,2.08,0.0000,0.0470,0.0334,,,,,,,
54.0669,6,3,9.5441,63.6102,converged,3631.01,73668.16,-1.5073,2.08,0.0000,0.1189,0.0545,,,,,,,
40.5358,8,3,9.2224,49.7574,converged,3631.01,73668.16,-1.5073,2.08,0.0000,0.0656,0.0489,,,,,,,
56.5433,6,3,9.1578,65.7008,converged,3631.04,73667.70,-1.4995,2.07,0.0000,0.1180,0.0781,,,,,,,
59.5768,5,5,18.2108,77.7868,completed,3631.04,73667.70,-1.4995,2.07,0.0000,0.1126,0.2704,1.0831,4.2396,,,,,
49.3771,7,3,10.6099,59.9869,converged,3631.08,73667.18,-1.4934,2.09,0.0000,0.0707,0.0302,,,,,,,
32.2971,10,3,10.0775,42.3745,converged,3631.08,73667.18,-1.4934,2.09,0.0000,0.0870,0.0820,,,,,,,
52.1068,6,3,8.9069,61.0129,converged,3631.12,73666.71,-1.4884,2.10,0.0000,0.1136,0.0556,,,,,,,
23.7031,10,3,9.8949,33.5980,converged,3631.12,73666.71,-1.4884,2.10,0.0000,0.0809,0.0912,,,,,,,
30.0667,10,4,12.0282,42.0942,converged,3631.15,73666.29,-1.4835,2.11,0.0000,0.0738,0.1079,0.0545,,,,,,
21.5509,10,3,10.6878,32.2378,converged,3631.15,73666.29,-1.4835,2.11,0.0000,0.0812,0.0886,,,,,,,
55.1460,6,3,9.9112,65.0563,converged,3631.19,73665.87,-1.4796,2.12,0.0000,0.1273,0.0783,,,,,,,
38.8869,9,4,13.4038,52.2899,converged,3631.19,73665.87,-1.4796,2.12,0.0000,0.1278,0.1421,0.0320,,,,,,
51.9341,7,3,9.9008,61.8348,converged,3631.23,73665.39,-1.4753,2.14,0.0000,0.0966,0.0560,,,,,,,
28.6985,10,4,12.5429,41.2409,converged,3631.23,73665.39,-1.4753,2.14,0.0000,0.0926,0.1211,0.0481,,,,,,
32.6370,10,4,11.7941,44.4301,converged,3631.28,73664.91,-1.4711,2.13,0.0000,0.0959,0.1111,0.0385,,,,,,
57.8108,6,6,19.5773,77.3874,completed,3631.28,73664.91,-1.4711,2.13,0.0000,0.1769,0.1135,0.5713,3.1922,4.9632,,,,
30.0399,10,3,9.0777,39.1167,converged,3631.33,73664.43,-1.4685,2.13,0.0000,0.0876,0.0963,,,,,,,
56.3433,6,3,10.2386,66.5816,converged,3631.33,73664.43,-1.4685,2.13,0.0000,0.2390,0.0634,,,,,,,
25.8600,10,3,9.2706,35.1307,converged,3631.38,73663.96,-1.4665,2.12,0.0000,0.0706,0.0867,,,,,,,
55.9275,6,3,8.8025,64.7295,converged,3631.38,73663.96,-1.4665,2.12,0.0000,0.1830,0.0449,,,,,,,
41.5692,8,3,10.3011,51.8702,converged,3631.43,73663.48,-1.4636,2.13,0.0000,0.0845,0.0789,,,,,,,
59.2889,5,5,17.9725,77.2606,completed,3631.43,73663.48,-1.4636,2.13,0.0000,0.2592,0.1056,1.3508,4.8990,,,,,
48.5210,7,3,9.1932,57.7142,converged,3631.49,73662.95,-1.4629,2.13,0.0000,0.1098,0.0879,,,,,,,
27.5295,10,4,13.5071,41.0361,converged,3631.49,73662.95,-1.4629,2.13,0.0000,0.0958,0.1099,0.0248,,,,,,
20.1566,10,3,9.3120,29.4680,converged,3631.53,73662.53,-1.4652,2.13,0.0000,0.0673,0.0724,,,,,,,
31.2920,10,3,9.6548,40.9468,converged,3631.53,73662.53,-1.4652,2.13,0.0000,0.0871,0.0933,,,,,,,
58.0657,5,5,17.4996,75.5646,completed,3631.58,73662.10,-1.4682,2.13,0.0000,0.1130,0.1045,0.7092,3.7703,,,,,
20.8734,10,4,14.2963,35.1693,converged,3631.58,73662.10,-1.4682,2.13,0.0000,0.0765,0.1052,0.0372,,,,,,
39.0186,9,4,13.2231,52.2411,converged,3631.63,73661.63,-1.4696,2.12,0.0000,0.0666,0.1061,0.0609,,,,,,
33.4319,10,3,8.8606,42.2916,converged,3631.63,73661.63,-1.4696,2.12,0.0000,0.0841,0.0909,,,,,,,
36.8068,9,3,9.1978,46.0038,converged,3631.67,73661.15,-1.4699,2.10,0.0000,0.0596,0.0924,,,,,,,
43.9283,8,8,25.4775,69.4055,completed,3631.67,73661.15,-1.4699,2.10,0.0000,0.1084,0.1037,0.1732,0.4581,1.9535,3.2473,4.6243,,
28.6719,10,3,9.5373,38.2084,converged,3631.72,73660.68,-1.4694,2.10,0.0000,0.0578,0.0747,,,,,,,
48.1743,7,3,8.6827,56.8568,converged,3631.72,73660.68,-1.4694,2.10,0.0000,0.1030,0.0852,,,,,,,
50.0640,7,3,8.6071,58.6702,converged,3631.77,73660.21,-1.4666,2.11,0.0000,0.0889,0.0910,,,,,,,
23.4474,10,4,12.0504,35.4975,converged,3631.77,73660.21,-1.4666,2.11,0.0000,0.0789,0.1008,0.0358,,,,,,
29.0655,10,3,9.3929,38.4579,converged,3631.81,73659.79,-1.4631,2.11,0.0000,0.0457,0.0691,,,,,,,
58.4383,5,5,21.2524,79.6905,completed,3631.81,73659.79,-1.4631,2.11,0.0000,0.1347,0.3000,0.6931,3.5631,,,,,
45.3639,8,3,10.7790,56.1421,converged,3631.87,73659.32,-1.4634,2.11,0.0000,0.0799,0.0829,,,,,,,
55.8390,6,3,9.1773,65.0164,converged,3631.87,73659.32,-1.4634,2.11,0.0000,0.1858,0.0438,,,,,,,
41.6302,8,3,8.7922,50.4222,converged,3631.92,73658.80,-1.4659,2.09,0.0000,0.0761,0.0703,,,,,,,
29.0125,10,3,8.7749,37.7869,converged,3631.92,73658.80,-1.4659,2.09,0.0000,0.0779,0.0917,,,,,,,
50.7624,7,3,9.8063,60.5684,converged,3631.97,73658.33,-1.4674,2.08,0.0000,0.0711,0.0405,,,,,,,
33.8493,10,4,12.9621,46.8112,converged,3631.97,73658.33,-1.4674,2.08,0.0000,0.0821,0.1037,0.0260,,,,,,
56.8185,6,3,9.1856,66.0036,converged,3632.02,73657.86,-1.4675,2.09,0.0000,0.0558,0.0256,,,,,,,
27.6098,10,4,14.6706,42.2796,converged,3632.02,73657.86,-1.4675,2.09,0.0000,0.0765,0.1049,0.0404,,,,,,
27.4192,10,3,8.9309,36.3500,converged,3632.07,73657.39,-1.4648,2.10,0.0000,0.0408,0.0563,,,,,,,
38.3708,9,3,12.5752,50.9453,converged,3632.07,73657.39,-1.4648,2.10,0.0000,0.0740,0.0783,,,,,,,
59.7116,5,5,22.9866,82.6976,completed,3632.12,73656.92,-1.4594,2.12,0.0000,0.1414,0.1152,1.3043,3.7477,,,,,
34.6262,9,4,14.7649,49.3909,converged,3632.12,73656.92,-1.4594,2.12,0.0000,0.0931,0.1283,0.0525,,,,,,
44.3718,8,3,9.7115,54.0825,converged,3632.18,73656.39,-1.4536,2.12,0.0000,0.0696,0.0982,,,,,,,
43.6664,8,5,15.4167,59.0827,converged,3632.18,73656.39,-1.4536,2.12,0.0000,0.0883,0.1084,0.1244,0.0917,,,,,
35.6379,9,3,9.1942,44.8312,converged,3632.24,73655.92,-1.4508,2.13,0.0000,0.0305,0.0602,,,,,,,
36.3142,9,4,11.5019,47.8160,converged,3632.24,73655.92,-1.4508,2.13,0.0000,0.0914,0.1023,0.0517,,,,,,
33.8938,10,3,9.1889,43.0819,converged,3632.29,73655.50,-1.4490,2.14,0.0000,0.0264,0.0514,,,,,,,
33.9216,10,3,9.1481,43.0692,converged,3632.29,73655.50,-1.4490,2.14,0.0000,0.0323,0.0238,,,,,,,
32.0733,10,3,9.1547,41.2277,converged,3632.34,73655.07,-1.4481,2.13,0.0000,0.0269,0.0552,,,,,,,
24.9770,10,3,11.0298,36.0058,converged,3632.34,73655.07,-1.4481,2.13,0.0000,0.0556,0.0817,,,,,,,
29.6667,10,3,9.2926,38.9586,converged,3632.39,73654.65,-1.4499,2.12,0.0000,0.0445,0.0690,,,,,,,
28.8428,10,3,9.0575,37.8995,converged,3632.39,73654.65,-1.4499,2.12,0.0000,0.0730,0.0990,,,,,,,
40.3271,8,3,9.4047,49.7317,converged,3632.44,73654.28,-1.4535,2.10,0.0000,0.0421,0.0699,,,,,,,
59.9835,5,5,18.2171,78.2001,completed,3632.44,73654.28,-1.4535,2.10,0.0000,0.1338,0.1650,1.0516,3.5778,,,,,
51.1598,7,3,9.1856,60.3446,converged,3632.49,73653.77,-1.4586,2.06,0.0000,0.0318,0.0675,,,,,,,
22.1853,10,3,9.5967,31.7817,converged,3632.49,73653.77,-1.4586,2.06,0.0000,0.0340,0.0543,,,,,,,
31.0767,10,3,9.5456,40.6216,converged,3632.54,73653.36,-1.4620,2.03,0.0000,0.0233,0.0465,,,,,,,
42.1662,8,3,10.4322,52.5982,converged,3632.56,73653.16,-1.4630,2.02,0.0000,0.0477,0.0607,,,,,,,
44.8120,8,3,9.6092,54.4212,converged,3632.56,73653.16,-1.4630,2.02,0.0000,0.0572,0.0660,,,,,,,
51.6794,7,3,10.0417,61.7208,converged,3632.61,73652.71,-1.4633,2.01,0.0000,0.0691,0.0269,,,,,,,
51.1593,7,7,23.4574,74.6164,completed,3632.61,73652.71,-1.4633,2.01,0.0000,0.0514,0.1013,0.1136,0.9621,2.7582,4.5657,,,
59.6475,5,5,18.2678,77.9149,completed,3632.66,73652.21,-1.4598,1.98,0.0000,0.0694,0.1091,0.2768,3.1188,,,,,
48.1173,7,3,8.9533,57.0703,converged,3632.66,73652.21,-1.4598,1.98,0.0000,0.0553,0.0560,,,,,,,
44.2500,8,3,9.3982,53.6473,converged,3632.72,73651.72,-1.4587,2.01,0.0000,0.0434,0.0325,,,,,,,
21.8554,10,3,9.6693,31.5243,converged,3632.72,73651.72,-1.4587,2.01,0.0000,0.0233,0.0637,,,,,,,
58.8019,5,5,18.7536,77.5546,completed,3632.77,73651.31,-1.4569,2.07,0.0000,0.0791,0.2468,0.3608,3.5384,,,,,
47.1380,7,3,9.5106,56.6486,converged,3632.77,73651.31,-1.4569,2.07,0.0000,0.0195,0.0359,,,,,,,
34.3050,9,3,9.2431,43.5472,converged,3632.82,73650.84,-1.4510,2.17,0.0000,0.0315,0.0380,,,,,,,
47.1071,7,3,8.9651,56.0721,converged,3632.82,73650.84,-1.4510,2.17,0.0000,0.0638,0.0953,,,,,,,
56.9636,6,3,9.8584,66.8214,converged,3632.88,73650.34,-1.4454,2.30,0.0000,0.0446,0.0659,,,,,,,
35.0164,9,3,8.8607,43.8767,converged,3632.88,73650.34,-1.4454,2.30,0.0000,0.0082,0.0435,,,,,,,
54.0347,6,3,9.6313,63.6654,converged,3632.95,73649.81,-1.4420,2.44,0.0000,0.0361,0.0973,,,,,,,
30.4780,10,3,10.2740,40.7510,converged,3632.95,73649.81,-1.4420,2.44,0.0000,0.0163,0.0423,,,,,,,
43.4300,8,3,9.2670,52.6970,converged,3633.02,73649.25,-1.4392,2.60,0.0000,0.0398,0.0806,,,,,,,
53.2434,6,6,21.2985,74.5415,completed,3633.02,73649.25,-1.4392,2.60,0.0000,0.0674,0.1987,0.6374,1.2007,2.9285,,,,
34.2502,9,3,10.6781,44.9282,converged,3633.11,73648.59,-1.4368,2.74,0.0000,0.0282,0.0639,,,,,,,
39.5769,9,3,10.3877,49.9638,converged,3633.11,73648.59,-1.4368,2.74,0.0000,0.0070,0.0322,,,,,,,
26.2776,10,3,10.3604,36.6375,converged,3633.19,73648.04,-1.4348,2.83,0.0000,0.0389,0.0638,,,,,,,
49.9060,7,3,9.3340,59.2391,converged,3633.19,73648.04,-1.4348,2.83,0.0000,0.0222,0.0673,,,,,,,
36.5022,9,3,10.0307,46.5327,converged,3633.27,73647.47,-1.4330,2.89,0.0000,0.0286,0.0634,,,,,,,
33.7901,10,3,10.0592,43.8492,converged,3633.27,73647.47,-1.4330,2.89,0.0000,0.0351,0.0551,,,,,,,
33.7234,10,3,9.6828,43.4058,converged,3633.35,73646.89,-1.4294,2.93,0.0000,0.0381,0.0770,,,,,,,
56.4942,6,6,26.4163,82.9103,completed,3633.35,73646.89,-1.4294,2.93,0.0000,0.0227,0.1013,0.3117,0.7072,2.6375,,,,
27.4863,10,3,8.9437,36.4297,converged,3633.45,73646.17,-1.4273,2.97,0.0000,0.0248,0.0286,,,,,,,
36.1004,9,3,11.6845,47.7846,converged,3633.45,73646.17,-1.4273,2.97,0.0000,0.0234,0.0452,,,,,,,
29.2528,10,3,9.5862,38.8382,converged,3633.54,73645.58,-1.4271,2.99,0.0000,0.0407,0.0527,,,,,,,
32.2497,10,3,10.1415,42.3905,converged,3633.54,73645.58,-1.4271,2.99,0.0000,0.0143,0.0219,,,,,,,
55.2202,6,6,22.5138,77.7339,completed,3633.62,73644.99,-1.4285,2.93,0.0000,0.0728,0.1206,0.3058,1.0202,2.0955,,,,
28.2242,10,3,10.9174,39.1414,converged,3633.62,73644.99,-1.4285,2.93,0.0000,0.0120,0.0166,,,,,,,
21.1060,10,10,43.4868,64.5918,completed,3633.71,73644.35,-1.4285,2.82,0.0000,0.0578,0.1585,0.5333,1.1741,1.1304,0.3601,0.6531,1.5777,1.7783
29.5247,10,3,9.5947,39.1188,converged,3633.71,73644.35,-1.4285,2.82,0.0000,0.0247,0.0280,,,,,,,
40.8045,8,3,9.0383,49.8423,converged,3633.80,73643.73,-1.4323,2.67,0.0000,0.0509,0.0965,,,,,,,
49.1044,7,3,9.4547,58.5588,converged,3633.80,73643.73,-1.4323,2.67,0.0000,0.0482,0.0314,,,,,,,
20.6580,10,3,8.7275,29.3846,converged,3633.88,73643.15,-1.4382,2.51,0.0000,0.0390,0.0596,,,,,,,
45.8974,8,3,10.0158,55.9129,converged,3633.88,73643.15,-1.4382,2.51,0.0000,0.0176,0.0865,,,,,,,
44.6577,8,8,31.3606,76.0177,completed,3633.94,73642.67,-1.4423,2.35,0.0000,0.0201,0.1850,0.9739,1.3720,0.5422,1.0084,1.7125,,
34.9358,9,3,9.2070,44.1420,converged,3633.94,73642.67,-1.4423,2.35,0.0000,0.0198,0.0708,,,,,,,
27.5340,10,3,9.2006,36.7346,converged,3634.01,73642.17,-1.4455,2.12,0.0000,0.0529,0.0664,,,,,,,
52.2377,6,6,22.2830,74.5201,completed,3634.01,73642.17,-1.4455,2.12,0.0000,0.0294,0.1245,0.2386,1.1091,1.8522,,,,
26.5877,10,3,10.0742,36.6612,converged,3634.06,73641.72,-1.4479,1.91,0.0000,0.0450,0.0443,,,,,,,
37.6214,9,3,10.1057,47.7267,converged,3634.06,73641.72,-1.4479,1.91,0.0000,0.0176,0.0324,,,,,,,
54.9570,6,6,20.6418,75.5979,completed,3634.11,73641.36,-1.4490,1.80,0.0000,0.0391,0.1740,0.2969,1.1792,1.7408,,,,
31.2451,10,3,9.7872,41.0322,converged,3634.11,73641.36,-1.4490,1.80,0.0000,0.0304,0.0309,,,,,,,
30.3507,10,3,9.1835,39.5335,converged,3634.16,73640.96,-1.4483,1.71,0.0000,0.0291,0.0223,,,,,,,
27.4882,10,3,9.0264,36.5144,converged,3634.16,73640.96,-1.4483,1.71,0.0000,0.0222,0.0192,,,,,,,
42.7665,8,3,9.0982,51.8643,converged,3634.20,73640.63,-1.4465,1.66,0.0000,0.0331,0.0364,,,,,,,
56.6249,6,3,8.7749,65.3989,converged,3634.20,73640.63,-1.4465,1.66,0.0000,0.0481,0.0826,,,,,,,
21.2812,10,3,9.3911,30.6721,converged,3634.24,73640.27,-1.4421,1.59,0.0000,0.0347,0.0398,,,,,,,
51.7868,7,3,8.7437,60.5297,converged,3634.26,73640.11,-1.4387,1.57,0.0000,0.0674,0.0389,,,,,,,
26.7728,10,3,9.5645,36.3365,converged,3634.26,73640.11,-1.4387,1.57,0.0000,0.0217,0.0291,,,,,,,
57.5712,6,6,21.5672,79.1382,completed,3634.31,73639.80,-1.4300,1.52,0.0000,0.0452,0.1929,0.3413,0.6117,1.5085,,,,
48.0936,7,3,10.0278,58.1208,converged,3634.31,73639.80,-1.4300,1.52,0.0000,0.0564,0.0453,,,,,,,
27.6192,10,3,9.9410,37.5600,converged,3634.36,73639.43,-1.4180,1.48,0.0000,0.0281,0.0282,,,,,,,
47.5571,7,3,9.0702,56.6272,converged,3634.36,73639.43,-1.4180,1.48,0.0000,0.0408,0.0360,,,,,,,
25.8629,10,3,8.9735,34.8355,converged,3634.41,73639.14,-1.4074,1.46,0.0000,0.0452,0.0237,,,,,,,
45.0816,8,3,9.9672,55.0482,converged,3634.41,73639.14,-1.4074,1.46,0.0000,0.0550,0.0475,,,,,,,
28.5980,10,3,10.5265,39.1235,converged,3634.46,73638.82,-1.3898,1.45,0.0000,0.0432,0.0175,,,,,,,
21.7232,10,3,9.8184,31.5415,converged,3634.46,73638.82,-1.3898,1.45,0.0000,0.0395,0.0239,,,,,,,
39.0974,9,3,9.3831,48.4801,converged,3634.51,73638.57,-1.3730,1.45,0.0000,0.0508,0.0226,,,,,,,
32.5425,10,3,10.3713,42.9133,converged,3634.51,73638.57,-1.3730,1.45,0.0000,0.0450,0.0319,,,,,,,
30.6462,10,3,8.8739,39.5199,converged,3634.57,73638.29,-1.3515,1.46,0.0000,0.0407,0.0315,,,,,,,
51.2574,7,3,9.0468,60.3039,converged,3634.57,73638.29,-1.3515,1.46,0.0000,0.0340,0.0528,,,,,,,
58.4528,5,5,17.6644,76.1164,completed,3634.65,73637.96,-1.3237,1.49,0.0000,0.0954,0.1298,1.1016,2.2393,,,,,
47.2353,7,3,12.3254,59.5604,converged,3634.65,73637.96,-1.3237,1.49,0.0000,0.0532,0.0437,,,,,,,
26.3818,10,3,9.6478,36.0288,converged,3634.75,73637.60,-1.2871,1.55,0.0000,0.0216,0.0168,,,,,,,
21.9971,10,3,8.6296,30.6267,converged,3634.75,73637.60,-1.2871,1.55,0.0000,0.0389,0.0459,,,,,,,
38.7549,9,3,9.0120,47.7661,converged,3634.83,73637.34,-1.2580,1.58,0.0000,0.0322,0.0309,,,,,,,
44.1417,8,3,9.2945,53.4355,converged,3634.83,73637.34,-1.2580,1.58,0.0000,0.0446,0.0609,,,,,,,
34.6988,9,3,8.8444,43.5424,converged,3634.94,73637.00,-1.2184,1.56,0.0000,0.0165,0.0183,,,,,,,
54.6992,6,3,9.4191,64.1181,converged,3634.94,73637.00,-1.2184,1.56,0.0000,0.0464,0.0355,,,,,,,
49.6490,7,3,10.2017,59.8508,converged,3635.07,73636.68,-1.1786,1.54,0.0000,0.0094,0.0646,,,,,,,
32.2086,10,3,10.3309,42.5389,converged,3635.07,73636.68,-1.1786,1.54,0.0000,0.0336,0.0472,,,,,,,
52.0889,6,3,9.5655,61.6535,converged,3635.19,73636.40,-1.1416,1.52,0.0000,0.0306,0.0820,,,,,,,
31.3629,10,3,9.0112,40.3732,converged,3635.19,73636.40,-1.1416,1.52,0.0000,0.0255,0.0293,,,,,,,
51.2930,7,4,12.7882,64.0802,converged,3635.34,73636.09,-1.0986,1.52,0.0000,0.0422,0.1067,0.0749,,,,,,
38.0647,9,3,10.3610,48.4251,converged,3635.34,73636.09,-1.0986,1.52,0.0000,0.0223,0.0185,,,,,,,
22.1925,10,3,10.7764,32.9684,converged,3635.52,73635.75,-1.0487,1.54,0.0000,0.0160,0.0325,,,,,,,
26.2044,10,3,9.3399,35.5439,converged,3635.52,73635.75,-1.0487,1.54,0.0000,0.0242,0.0188,,,,,,,
22.0180,10,3,8.9189,30.9369,converged,3635.66,73635.52,-1.0124,1.58,0.0000,0.0283,0.0499,,,,,,,
44.6091,8,3,8.7080,53.3171,converged,3635.75,73635.38,-0.9903,1.61,0.0000,0.0285,0.0561,,,,,,,
29.0314,10,3,13.9450,42.9760,converged,3635.75,73635.38,-0.9903,1.61,0.0000,0.0236,0.0177,,,,,,,
48.3182,7,3,10.4232,58.7412,converged,3635.96,73635.08,-0.9391,1.66,0.0000,0.0373,0.0325,,,,,,,
24.8086,10,3,9.0431,33.8512,converged,3635.96,73635.08,-0.9391,1.66,0.0000,0.0184,0.0464,,,,,,,
56.0342,6,3,9.1467,65.1807,converged,3636.16,73634.82,-0.8942,1.67,0.0000,0.0267,0.0984,,,,,,,
35.4210,9,3,12.4548,47.8758,converged,3636.16,73634.82,-0.8942,1.67,0.0000,0.0244,0.0271,,,,,,,
36.8633,9,3,9.5211,46.3841,converged,3636.43,73634.50,-0.8384,1.68,0.0000,0.0185,0.0577,,,,,,,
55.4231,6,3,9.1852,64.6082,converged,3636.43,73634.50,-0.8384,1.68,0.0000,0.0402,0.0504,,,,,,,
23.2280,10,3,9.2084,32.4364,converged,3636.66,73634.25,-0.7902,1.68,0.0000,0.0457,0.0314,,,,,,,
46.6215,7,3,10.2489,56.8700,converged,3636.66,73634.25,-0.7902,1.68,0.0000,0.0345,0.0184,,,,,,,
54.1120,6,3,9.2710,63.3830,converged,3636.94,73633.99,-0.7352,1.67,0.0000,0.0516,0.0751,,,,,,,
51.3346,7,3,8.9724,60.3065,converged,3636.94,73633.99,-0.7352,1.67,0.0000,0.0400,0.0189,,,,,,,
36.8143,9,3,10.3427,47.1568,converged,3637.22,73633.75,-0.6799,1.64,0.0000,0.0115,0.0826,,,,,,,
48.0550,7,7,25.0898,73.1438,completed,3637.22,73633.75,-0.6799,1.64,0.0000,0.0291,0.1825,0.4655,0.4638,2.4274,3.0363,,,
43.6842,8,3,10.0726,53.7566,converged,3637.51,73633.53,-0.6252,1.60,0.0000,0.0098,0.0963,,,,,,,
37.9652,9,3,9.6061,47.5711,converged,3637.51,73633.53,-0.6252,1.60,0.0000,0.0268,0.0442,,,,,,,
59.1763,5,5,18.2509,77.4270,completed,3637.84,73633.31,-0.5641,1.56,0.0000,0.0215,0.4553,0.2687,3.0971,,,,,
37.1662,9,3,8.9977,46.1637,converged,3637.84,73633.31,-0.5641,1.56,0.0000,0.0109,0.0501,,,,,,,
41.8012,8,3,10.3497,52.1507,converged,3638.13,73633.13,-0.5098,1.51,0.0000,0.0379,0.0573,,,,,,,
58.4378,5,5,18.7768,77.2139,completed,3638.13,73633.13,-0.5098,1.51,0.0000,0.0405,0.2017,0.2552,3.2448,,,,,
50.0412,7,3,9.5376,59.5786,converged,3638.46,73632.96,-0.4509,1.47,0.0000,0.0429,0.0308,,,,,,,
45.5848,8,3,9.2015,54.7856,converged,3638.46,73632.96,-0.4509,1.47,0.0000,0.0196,0.0849,,,,,,,
38.1208,9,3,9.2970,47.4171,converged,3638.76,73632.82,-0.3962,1.44,0.0000,0.0496,0.0216,,,,,,,
24.4557,10,3,9.0200,33.4750,converged,3638.76,73632.82,-0.3962,1.44,0.0000,0.0723,0.0418,,,,,,,
33.8742,10,3,10.5065,44.3805,converged,3639.03,73632.72,-0.3496,1.40,0.0000,0.0460,0.0173,,,,,,,
43.1181,8,3,9.4632,52.5812,converged,3639.03,73632.72,-0.3496,1.40,0.0000,0.0768,0.0604,,,,,,,
30.6394,10,3,9.6383,40.2773,converged,3639.32,73632.62,-0.3010,1.36,0.0000,0.0504,0.0224,,,,,,,
58.6836,5,5,18.8185,77.5015,completed,3639.32,73632.62,-0.3010,1.36,0.0000,0.0478,0.1314,1.1415,4.3788,,,,,
50.8492,7,3,8.9462,59.7952,converged,3639.64,73632.53,-0.2496,1.30,0.0000,0.0295,0.0365,,,,,,,
43.4743,8,3,13.4032,56.8773,converged,3639.64,73632.53,-0.2496,1.30,0.0000,0.0410,0.0192,,,,,,,
25.1354,10,3,9.2419,34.3770,converged,3639.92,73632.46,-0.2070,1.25,0.0000,0.0186,0.0183,,,,,,,
37.6001,9,3,9.0330,46.6331,converged,3639.92,73632.46,-0.2070,1.25,0.0000,0.0230,0.0185,,,,,,,
42.9358,8,3,9.4863,52.4213,converged,3640.16,73632.42,-0.1705,1.21,0.0000,0.0209,0.0285,,,,,,,
52.3488,6,6,20.7559,73.1039,completed,3640.16,73632.42,-0.1705,1.21,0.0000,0.0443,0.2171,0.4089,2.0699,4.9264,,,,
38.8407,9,3,9.0995,47.9396,converged,3640.43,73632.38,-0.1323,1.17,0.0000,0.0245,0.0230,,,,,,,
48.6558,7,7,24.7736,73.4287,completed,3640.43,73632.38,-0.1323,1.17,0.0000,0.0287,0.1386,0.6467,0.5411,2.9205,4.7641,,,
45.0072,8,3,8.8160,53.8230,converged,3640.72,73632.35,-0.0920,1.13,0.0000,0.0210,0.0381,,,,,,,
55.7423,6,6,19.8043,75.5463,completed,3640.72,73632.35,-0.0920,1.13,0.0000,0.0221,0.1582,0.1595,2.4280,5.5602,,,,
21.5847,10,3,9.1928,30.7768,converged,3640.97,73632.33,-0.0588,1.12,0.0000,0.0245,0.0190,,,,,,,
30.2317,10,3,9.5874,39.8184,converged,3641.08,73632.32,-0.0441,1.12,0.0000,0.0229,0.0228,,,,,,,
49.6525,7,3,9.3090,58.9610,converged,3641.19,73632.32,-0.0296,1.11,0.0000,0.0302,0.0523,,,,,,,
59.7540,5,5,27.0920,86.8450,completed,3641.19,73632.32,-0.0296,1.11,0.0000,0.0830,0.6403,0.4518,4.2816,,,,,
48.3979,7,3,9.7463,58.1433,converged,3641.50,73632.31,0.0089,1.11,0.0000,0.0377,0.0709,,,,,,,
20.0530,10,3,9.8282,29.8813,converged,3641.50,73632.31,0.0089,1.11,0.0000,0.0388,0.0516,,,,,,,
33.0733,10,3,10.1481,43.2212,converged,3641.72,73632.32,0.0352,1.08,0.0000,0.0345,0.0248,,,,,,,
44.1514,8,8,25.9661,70.1171,completed,3641.72,73632.32,0.0352,1.08,0.0000,0.0387,0.1113,0.3625,0.4249,0.4551,3.2651,4.9517,,
51.4460,7,7,22.9932,74.4392,completed,3641.96,73632.33,0.0633,1.09,0.0000,0.0540,0.1019,0.1577,0.3338,2.9765,5.6677,,,
26.5631,10,3,9.1093,35.6723,converged,3641.96,73632.33,0.0633,1.09,0.0000,0.0414,0.0375,,,,,,,
43.8567,8,3,9.2791,53.1352,converged,3642.20,73632.35,0.0915,1.08,0.0000,0.0503,0.0400,,,,,,,
24.2970,10,3,13.9248,38.2218,converged,3642.20,73632.35,0.0915,1.08,0.0000,0.0347,0.0243,,,,,,,
31.1109,10,3,10.9260,42.0361,converged,3642.42,73632.37,0.1143,1.06,0.0000,0.0480,0.0361,,,,,,,
38.0918,9,3,9.7617,47.8527,converged,3642.42,73632.37,0.1143,1.06,0.0000,0.0558,0.0532,,,,,,,
27.1682,10,3,10.4555,37.6236,converged,3642.63,73632.40,0.1348,1.04,0.0000,0.0645,0.0469,,,,,,,
35.9330,9,3,10.2579,46.1910,converged,3642.63,73632.40,0.1348,1.04,0.0000,0.0527,0.0490,,,,,,,
37.2691,9,3,9.3049,46.5739,converged,3642.84,73632.43,0.1550,1.06,0.0000,0.0592,0.0448,,,,,,,
43.2247,8,3,9.9524,53.1765,converged,3642.84,73632.43,0.1550,1.06,0.0000,0.0748,0.0929,,,,,,,
42.1018,8,3,9.3532,51.4542,converged,3643.05,73632.46,0.1748,1.09,0.0000,0.0391,0.0415,,,,,,,
28.2666,10,3,13.7624,42.0285,converged,3643.05,73632.46,0.1748,1.09,0.0000,0.0594,0.0523,,,,,,,
35.0151,9,3,9.9475,44.9626,converged,3643.29,73632.51,0.1963,1.11,0.0000,0.0491,0.0405,,,,,,,
50.6259,7,3,9.0528,59.6779,converged,3643.29,73632.51,0.1963,1.11,0.0000,0.0677,0.0599,,,,,,,
23.8040,10,3,9.2545,33.0586,converged,3643.51,73632.56,0.2145,1.14,0.0000,0.0412,0.0152,,,,,,,
36.0266,9,3,14.2679,50.2939,converged,3643.51,73632.56,0.2145,1.14,0.0000,0.0210,0.0165,,,,,,,
20.1870,10,3,14.8338,35.0198,converged,3643.76,73632.61,0.2348,1.17,0.0000,0.0635,0.0552,,,,,,,
41.6421,8,8,28.9461,70.5881,completed,3643.76,73632.61,0.2348,1.17,0.0000,0.1156,0.1020,0.1705,0.3499,0.6748,3.3840,5.5232,,
55.3513,6,3,9.0024,64.3535,converged,3643.99,73632.67,0.2525,1.19,0.0000,0.1411,0.0944,,,,,,,
35.3464,9,3,10.0303,45.3764,converged,3643.99,73632.67,0.2525,1.19,0.0000,0.0541,0.0486,,,,,,,
39.1469,9,3,9.0453,48.1913,converged,3644.26,73632.74,0.2723,1.23,0.0000,0.0827,0.0878,,,,,,,
34.2346,9,3,10.5725,44.8065,converged,3644.26,73632.74,0.2723,1.23,0.0000,0.0764,0.0581,,,,,,,
37.1401,9,3,9.1577,46.2978,converged,3644.53,73632.82,0.2918,1.29,0.0000,0.0825,0.0948,,,,,,,
46.3018,7,3,8.8908,55.1918,converged,3644.53,73632.82,0.2918,1.29,0.0000,0.1092,0.0780,,,,,,,
49.0786,7,7,27.2024,76.2804,completed,3644.78,73632.90,0.3101,1.37,0.0000,0.1109,0.1379,0.2779,0.4459,2.2123,5.7344,,,
20.7881,10,3,9.5890,30.3770,converged,3644.78,73632.90,0.3101,1.37,0.0000,0.0875,0.0788,,,,,,,
40.8783,8,3,9.0032,49.8812,converged,3645.12,73633.01,0.3358,1.50,0.0000,0.0621,0.0788,,,,,,,
30.2062,10,3,9.6415,39.8475,converged,3645.12,73633.01,0.3358,1.50,0.0000,0.0549,0.0481,,,,,,,
58.6668,5,5,17.4239,76.0899,completed,3645.41,73633.12,0.3579,1.63,0.0000,0.0958,0.2034,0.8941,5.6603,,,,,
28.4833,10,3,8.9366,37.4196,converged,3645.41,73633.12,0.3579,1.63,0.0000,0.0434,0.0231,,,,,,,
21.9077,10,3,13.1519,35.0589,converged,3645.77,73633.26,0.3849,1.78,0.0000,0.0209,0.0353,,,,,,,
28.6569,10,3,10.4499,39.1060,converged,3645.77,73633.26,0.3849,1.78,0.0000,0.0370,0.0223,,,,,,,
56.7942,6,3,9.4880,66.2820,converged,3646.12,73633.40,0.4097,1.95,0.0000,0.0261,0.0417,,,,,,,
35.9882,9,3,9.4441,45.4322,converged,3646.12,73633.40,0.4097,1.95,0.0000,0.0347,0.0376,,,,,,,
50.1449,7,3,9.0996,59.2436,converged,3646.53,73633.59,0.4368,2.13,0.0000,0.0180,0.0126,,,,,,,
48.0102,7,3,9.6326,57.6427,converged,3646.53,73633.59,0.4368,2.13,0.0000,0.0379,0.0196,,,,,,,
35.4424,9,3,13.5836,49.0257,converged,3646.99,73633.81,0.4607,2.36,0.0000,0.0144,0.0277,,,,,,,
29.8919,10,3,14.0066,43.8976,converged,3646.99,73633.81,0.4607,2.36,0.0000,0.0224,0.0222,,,,,,,
53.1965,6,3,10.4404,63.6365,converged,3647.49,73634.06,0.4825,2.63,0.0000,0.0613,0.0312,,,,,,,
43.4191,8,3,9.4342,52.8533,converged,3647.49,73634.06,0.4825,2.63,0.0000,0.0169,0.0104,,,,,,,
22.6488,10,3,9.2131,31.8612,converged,3648.04,73634.36,0.5016,2.95,0.0000,0.0176,0.0156,,,,,,,
52.8061,6,3,10.0799,62.8860,converged,3648.04,73634.36,0.5016,2.95,0.0000,0.0177,0.0710,,,,,,,
39.4614,9,3,11.8624,51.3234,converged,3648.65,73634.70,0.5158,3.30,0.0000,0.0451,0.0587,,,,,,,
50.1625,7,3,9.1225,59.2846,converged,3648.65,73634.70,0.5158,3.30,0.0000,0.0129,0.0366,,,,,,,
21.3427,10,3,14.2759,35.6179,converged,3649.33,73635.09,0.5237,3.66,0.0000,0.0201,0.0119,,,,,,,
54.2377,6,3,9.1180,63.3550,converged,3649.33,73635.09,0.5237,3.66,0.0000,0.0138,0.0842,,,,,,,
47.7965,7,3,8.9207,56.7168,converged,3650.08,73635.53,0.5249,4.04,0.0000,0.0612,0.0296,,,,,,,
37.3819,9,3,9.3110,46.6920,converged,3650.08,73635.53,0.5249,4.04,0.0000,0.0144,0.0117,,,,,,,
58.9460,5,5,18.6008,77.5468,completed,3650.91,73636.00,0.5213,4.44,0.0000,0.0271,0.2084,0.8034,5.3357,,,,,
48.4826,7,3,9.9381,58.4201,converged,3650.91,73636.00,0.5213,4.44,0.0000,0.0424,0.0493,,,,,,,
20.4156,10,3,11.9577,32.3727,converged,3651.92,73636.58,0.5146,4.91,0.0000,0.0090,0.0087,,,,,,,
45.0361,8,3,9.1096,54.1457,converged,3651.92,73636.58,0.5146,4.91,0.0000,0.0197,0.0291,,,,,,,
51.7961,7,3,13.4884,65.2844,converged,3652.81,73637.08,0.5091,5.23,0.0000,0.0315,0.0520,,,,,,,
55.3593,6,6,19.9558,75.3148,completed,3652.81,73637.08,0.5091,5.23,0.0000,0.0298,0.1027,0.3841,0.9851,6.1339,,,,
55.7789,6,3,14.0128,69.7908,converged,3654.11,73637.80,0.5022,5.61,0.0000,0.0084,0.0461,,,,,,,
40.1754,8,3,9.7673,49.9423,converged,3654.11,73637.80,0.5022,5.61,0.0000,0.0116,0.0116,,,,,,,
50.9352,7,3,8.8025,59.7376,converged,3655.38,73638.49,0.4949,5.89,0.0000,0.0222,0.0281,,,,,,,
45.9961,8,3,9.6035,55.5995,converged,3655.38,73638.49,0.4949,5.89,0.0000,0.0226,0.0104,,,,,,,
37.9090,9,3,9.2511,47.1591,converged,3656.56,73639.13,0.4907,6.06,0.0000,0.0169,0.0040,,,,,,,
51.1408,7,3,8.6668,59.8069,converged,3656.56,73639.13,0.4907,6.06,0.0000,0.0206,0.0201,,,,,,,
25.1063,10,3,9.0256,34.1316,converged,3657.65,73639.70,0.4872,6.18,0.0000,0.0367,0.0355,,,,,,,
42.1441,8,3,8.6609,50.8049,converged,3657.65,73639.70,0.4872,6.18,0.0000,0.0190,0.0138,,,,,,,
28.0736,10,3,12.8694,40.9424,converged,3658.75,73640.28,0.4838,6.26,0.0000,0.0392,0.0340,,,,,,,
23.8612,10,3,9.3396,33.2006,converged,3658.75,73640.28,0.4838,6.26,0.0000,0.0266,0.0164,,,,,,,
56.2905,6,3,14.7376,71.0277,converged,3660.00,73640.94,0.4817,6.28,0.0000,0.0880,0.0437,,,,,,,
40.6161,8,3,8.8885,49.5046,converged,3660.00,73640.94,0.4817,6.28,0.0000,0.0344,0.0187,,,,,,,
21.0798,10,3,9.5148,30.5941,converged,3661.25,73641.59,0.4796,6.27,0.0000,0.0509,0.0856,,,,,,,
26.0972,10,3,9.5797,35.6767,converged,3661.25,73641.59,0.4796,6.27,0.0000,0.0401,0.0336,,,,,,,
42.8984,8,3,9.2819,52.1800,converged,3662.36,73642.17,0.4790,6.25,0.0000,0.0870,0.0971,,,,,,,
26.7782,10,3,9.3070,36.0850,converged,3662.36,73642.17,0.4790,6.25,0.0000,0.0503,0.0477,,,,,,,
53.6268,6,3,9.3579,62.9839,converged,3663.47,73642.74,0.4784,6.22,0.0000,0.1436,0.0816,,,,,,,
29.9014,10,3,8.7958,38.6969,converged,3663.47,73642.74,0.4784,6.22,0.0000,0.0577,0.0597,,,,,,,
54.1187,6,3,9.1563,63.2743,converged,3664.57,73643.31,0.4773,6.16,0.0000,0.1402,0.0742,,,,,,,
48.2047,7,3,9.1495,57.3535,converged,3664.57,73643.31,0.4773,6.16,0.0000,0.0802,0.0563,,,,,,,
25.0861,10,3,8.6782,33.7643,converged,3665.79,73643.94,0.4767,6.07,0.0000,0.0446,0.0875,,,,,,,
53.0549,6,3,8.5852,61.6392,converged,3665.79,73643.94,0.4767,6.07,0.0000,0.0669,0.0278,,,,,,,
33.9509,10,3,9.5144,43.4645,converged,3666.99,73644.56,0.4761,5.97,0.0000,0.0559,0.0865,,,,,,,
32.0501,10,3,9.4616,41.5117,converged,3666.99,73644.56,0.4761,5.97,0.0000,0.0473,0.0558,,,,,,,
49.5995,7,3,9.0220,58.6210,converged,3668.18,73645.18,0.4765,5.86,0.0000,0.0941,0.0663,,,,,,,
34.1393,9,3,9.3527,43.4917,converged,3668.18,73645.18,0.4765,5.86,0.0000,0.0593,0.0725,,,,,,,
28.9078,10,3,8.9531,37.8601,converged,3669.21,73645.71,0.4758,5.75,0.0000,0.0581,0.0764,,,,,,,
32.0419,10,3,9.1129,41.1540,converged,3669.21,73645.71,0.4758,5.75,0.0000,0.0328,0.0547,,,,,,,
40.2249,8,3,9.2778,49.5019,converged,3670.22,73646.23,0.4758,5.63,0.0000,0.0609,0.0860,,,,,,,
31.5870,10,3,9.3082,40.8942,converged,3670.22,73646.23,0.4758,5.63,0.0000,0.0241,0.0427,,,,,,,
30.3876,10,3,9.6992,40.0863,converged,3671.21,73646.74,0.4758,5.47,0.0000,0.0388,0.0467,,,,,,,
35.6320,9,3,8.8802,44.5122,converged,3671.21,73646.74,0.4758,5.47,0.0000,0.0309,0.0382,,,,,,,
22.4627,10,3,9.5365,31.9986,converged,3672.16,73647.23,0.4755,5.30,0.0000,0.0359,0.0347,,,,,,,
51.3505,7,3,10.4122,61.7622,converged,3672.16,73647.23,0.4755,5.30,0.0000,0.0460,0.0371,,,,,,,
38.0518,9,3,10.2948,48.3458,converged,3673.21,73647.77,0.4767,5.11,0.0000,0.0633,0.0554,,,,,,,
29.7582,10,3,9.8411,39.5991,converged,3673.21,73647.77,0.4767,5.11,0.0000,0.0215,0.0245,,,,,,,
48.8682,7,3,9.1468,58.0149,converged,3674.10,73648.23,0.4775,4.92,0.0000,0.0647,0.0740,,,,,,,
48.1730,7,3,8.9955,57.1675,converged,3674.10,73648.23,0.4775,4.92,0.0000,0.0306,0.0300,,,,,,,
52.7468,6,3,9.7241,62.4701,converged,3675.06,73648.73,0.4779,4.70,0.0000,0.0780,0.0440,,,,,,,
56.0343,6,3,10.0014,66.0354,converged,3675.06,73648.73,0.4779,4.70,0.0000,0.0182,0.0227,,,,,,,
31.0211,10,3,9.2136,40.2347,converged,3676.07,73649.25,0.4768,4.42,0.0000,0.0472,0.0506,,,,,,,
35.9927,9,3,9.3811,45.3732,converged,3676.07,73649.25,0.4768,4.42,0.0000,0.0344,0.0562,,,,,,,
59.6564,5,3,9.0222,68.6783,converged,3676.84,73649.65,0.4765,4.20,0.0000,0.1208,0.0773,,,,,,,
52.1076,6,3,8.8942,61.0012,converged,3676.84,73649.65,0.4765,4.20,0.0000,0.0662,0.0272,,,,,,,
46.3463,7,7,23.5376,69.8836,completed,3677.74,73650.11,0.4773,3.91,0.0000,0.0941,0.1179,0.1344,0.1291,0.5404,3.6511,,,
29.5436,10,3,8.7820,38.3250,converged,3677.74,73650.11,0.4773,3.91,0.0000,0.0200,0.0239,,,,,,,
47.2104,7,3,8.8451,56.0551,converged,3678.49,73650.50,0.4763,3.65,0.0000,0.0425,0.0261,,,,,,,
37.5878,9,3,9.6470,47.2340,converged,3678.49,73650.50,0.4763,3.65,0.0000,0.0260,0.0426,,,,,,,
57.8815,6,3,10.4357,68.3167,converged,3679.20,73650.87,0.4761,3.41,0.0000,0.0456,0.0350,,,,,,,
31.0187,10,3,8.8890,39.9070,converged,3679.20,73650.87,0.4761,3.41,0.0000,0.0140,0.0259,,,,,,,
59.2916,5,3,9.0498,68.3408,converged,3679.86,73651.21,0.4763,3.17,0.0000,0.0423,0.0254,,,,,,,
57.2202,6,3,9.6332,66.8532,converged,3679.86,73651.21,0.4763,3.17,0.0000,0.0351,0.0476,,,,,,,
28.7205,10,3,9.0377,37.7577,converged,3680.54,73651.56,0.4753,2.94,0.0000,0.0171,0.0254,,,,,,,
34.7006,9,3,8.6633,43.3633,converged,3680.79,73651.69,0.4748,2.86,0.0000,0.0212,0.0517,,,,,,,
59.1322,5,3,9.3385,68.4705,converged,3680.79,73651.69,0.4748,2.86,0.0000,0.0558,0.0130,,,,,,,
59.5013,5,3,9.7139,69.2150,converged,3681.35,73651.97,0.4749,2.67,0.0000,0.0316,0.0892,,,,,,,
46.2333,7,3,9.2292,55.4623,converged,3681.35,73651.97,0.4749,2.67,0.0000,0.0219,0.0319,,,,,,,
37.1725,9,3,9.3301,46.5021,converged,3681.92,73652.27,0.4754,2.51,0.0000,0.0120,0.0300,,,,,,,
54.3705,6,3,9.1750,63.5450,converged,3681.92,73652.27,0.4754,2.51,0.0000,0.0286,0.0412,,,,,,,
36.6382,9,3,10.2237,46.8617,converged,3682.47,73652.55,0.4705,2.39,0.0000,0.0127,0.0236,,,,,,,
42.2655,8,3,9.6859,51.9509,converged,3682.47,73652.55,0.4705,2.39,0.0000,0.0126,0.0277,,,,,,,
58.8874,5,3,9.5236,68.4106,converged,3682.94,73652.78,0.4675,2.31,0.0000,0.0256,0.0500,,,,,,,
49.5200,7,3,8.8609,58.3809,converged,3682.94,73652.78,0.4675,2.31,0.0000,0.0148,0.0214,,,,,,,
20.6505,10,3,12.2714,32.9214,converged,3683.39,73653.02,0.4669,2.25,0.0000,0.0093,0.0145,,,,,,,
50.1134,7,3,9.5080,59.6211,converged,3683.39,73653.02,0.4669,2.25,0.0000,0.0155,0.0466,,,,,,,
59.6578,5,5,18.1737,77.8307,completed,3683.84,73653.24,0.4673,2.19,0.0000,0.0383,0.1060,0.1132,1.3122,,,,,
20.8952,10,3,9.3915,30.2866,converged,3683.84,73653.24,0.4673,2.19,0.0000,0.0098,0.0199,,,,,,,
22.8439,10,3,11.3669,34.2099,converged,3684.27,73653.46,0.4680,2.13,0.0000,0.0115,0.0236,,,,,,,
33.7799,10,3,10.3742,44.1532,converged,3684.27,73653.46,0.4680,2.13,0.0000,0.0087,0.0201,,,,,,,
52.2656,6,3,10.5230,62.7881,converged,3684.65,73653.65,0.4677,2.09,0.0000,0.0209,0.0492,,,,,,,
55.6898,6,3,9.6048,65.2939,converged,3684.65,73653.65,0.4677,2.09,0.0000,0.0260,0.0394,,,,,,,
55.1026,6,6,22.0388,77.1409,completed,3685.11,73653.88,0.4678,2.04,0.0000,0.0605,0.3730,7.8144,1.1635,0.2393,,,,
45.5209,8,3,9.4276,54.9476,converged,3685.11,73653.88,0.4678,2.04,0.0000,0.0124,0.0271,,,,,,,
22.9594,10,3,9.2160,32.1750,converged,3685.56,73654.11,0.4666,2.03,0.0000,0.0196,0.0455,,,,,,,
48.8173,7,3,9.9890,58.8061,converged,3685.56,73654.11,0.4666,2.03,0.0000,0.0159,0.0262,,,,,,,
27.1584,10,3,9.6183,36.7763,converged,3685.93,73654.29,0.4656,2.03,0.0000,0.0157,0.0327,,,,,,,
51.4762,7,3,11.7472,63.2232,converged,3685.93,73654.29,0.4656,2.03,0.0000,0.0149,0.0312,,,,,,,
24.2085,10,3,10.0294,34.2375,converged,3686.33,73654.50,0.4719,1.97,0.0000,0.0266,0.0391,,,,,,,
44.9690,8,3,10.0036,54.9716,converged,3686.33,73654.50,0.4719,1.97,0.0000,0.0379,0.0537,,,,,,,
25.5438,10,3,9.0129,34.5560,converged,3686.67,73654.67,0.4824,1.85,0.0000,0.0115,0.0181,,,,,,,
33.7262,10,3,10.3634,44.0895,converged,3686.67,73654.67,0.4824,1.85,0.0000,0.0088,0.0156,,,,,,,
37.9148,9,3,9.3739,47.2880,converged,3686.95,73654.82,0.4872,1.73,0.0000,0.0101,0.0160,,,,,,,
36.4580,9,3,9.0340,45.4921,converged,3686.95,73654.82,0.4872,1.73,0.0000,0.0123,0.0196,,,,,,,
33.4161,10,3,8.9777,42.3938,converged,3687.24,73654.97,0.4880,1.58,0.0000,0.0076,0.0122,,,,,,,
45.2544,8,3,11.7725,57.0265,converged,3687.24,73654.97,0.4880,1.58,0.0000,0.0324,0.0439,,,,,,,
26.7722,10,3,11.3699,38.1420,converged,3687.54,73655.13,0.4852,1.43,0.0000,0.0081,0.0108,,,,,,,
55.7492,6,3,9.1598,64.9088,converged,3687.54,73655.13,0.4852,1.43,0.0000,0.0498,0.0725,,,,,,,
22.9127,10,3,8.9953,31.9074,converged,3687.81,73655.28,0.4802,1.32,0.0000,0.0062,0.0076,,,,,,,
52.0948,6,3,9.3143,61.4084,converged,3687.81,73655.28,0.4802,1.32,0.0000,0.0423,0.0183,,,,,,,
38.1869,9,3,8.6400,46.8260,converged,3688.04,73655.39,0.4756,1.25,0.0000,0.0114,0.0157,,,,,,,
47.3490,7,3,11.7706,59.1196,converged,3688.04,73655.39,0.4756,1.25,0.0000,0.0210,0.0131,,,,,,,
51.8884,7,3,9.0607,60.9487,converged,3688.28,73655.52,0.4721,1.19,0.0000,0.0118,0.0099,,,,,,,
24.8653,10,3,9.8145,34.6796,converged,3688.28,73655.52,0.4721,1.19,0.0000,0.0045,0.0135,,,,,,,
47.4967,7,3,9.8312,57.3272,converged,3688.49,73655.62,0.4699,1.16,0.0000,0.0098,0.0111,,,,,,,
32.8434,10,3,9.0635,41.9066,converged,3688.49,73655.62,0.4699,1.16,0.0000,0.0058,0.0128,,,,,,,
38.2126,9,3,8.9262,47.1383,converged,3688.72,73655.74,0.4679,1.15,0.0000,0.0091,0.0137,,,,,,,
49.1575,7,3,9.1613,58.3183,converged,3688.72,73655.74,0.4679,1.15,0.0000,0.0109,0.0312,,,,,,,
22.8380,10,3,10.4750,33.3130,converged,3688.93,73655.85,0.4676,1.14,0.0000,0.0070,0.0095,,,,,,,
23.1893,10,3,8.6114,31.8004,converged,3688.93,73655.85,0.4676,1.14,0.0000,0.0331,0.0299,,,,,,,
33.8443,10,3,8.9747,42.8187,converged,3689.11,73655.94,0.4680,1.13,0.0000,0.0081,0.0147,,,,,,,
28.0740,10,3,8.9277,37.0007,converged,3689.11,73655.94,0.4680,1.13,0.0000,0.0411,0.0459,,,,,,,
59.8024,5,3,9.3321,69.1341,converged,3689.31,73656.04,0.4686,1.13,0.0000,0.0302,0.0860,,,,,,,
24.7889,10,3,9.1490,33.9371,converged,3689.31,73656.04,0.4686,1.13,0.0000,0.0194,0.0073,,,,,,,
44.5559,8,3,9.0934,53.6484,converged,3689.53,73656.15,0.4684,1.10,0.0000,0.0078,0.0301,,,,,,,
21.4602,10,3,9.4573,30.9174,converged,3689.53,73656.15,0.4684,1.10,0.0000,0.0182,0.0022,,,,,,,
36.2708,9,3,9.5077,45.7777,converged,3689.73,73656.25,0.4686,1.06,0.0000,0.0065,0.0168,,,,,,,
31.7229,10,3,9.2944,41.0164,converged,3689.73,73656.25,0.4686,1.06,0.0000,0.0085,0.0095,,,,,,,
24.1571,10,3,8.6406,32.7977,converged,3689.91,73656.34,0.4677,0.96,0.0000,0.0063,0.0122,,,,,,,
26.3339,10,3,8.8847,35.2178,converged,3689.91,73656.34,0.4677,0.96,0.0000,0.0056,0.0076,,,,,,,
22.7333,10,3,8.5761,31.3091,converged,3690.05,73656.41,0.4654,0.87,0.0000,0.0064,0.0117,,,,,,,
39.1194,9,3,9.1103,48.2294,converged,3690.05,73656.41,0.4654,0.87,0.0000,0.0074,0.0069,,,,,,,
21.6839,10,3,9.1001,30.7831,converged,3690.20,73656.49,0.4614,0.77,0.0000,0.0067,0.0110,,,,,,,
37.7420,9,3,9.1806,46.9226,converged,3690.26,73656.52,0.4591,0.74,0.0000,0.0055,0.0086,,,,,,,
50.5909,7,3,8.9891,59.5791,converged,3690.26,73656.52,0.4591,0.74,0.0000,0.0083,0.0129,,,,,,,
59.1158,5,3,9.6837,68.7987,converged,3690.41,73656.59,0.4540,0.69,0.0000,0.0139,0.0324,,,,,,,
21.4543,10,3,10.7923,32.2464,converged,3690.41,73656.59,0.4540,0.69,0.0000,0.0048,0.0085,,,,,,,
59.2607,5,3,9.4736,68.7336,converged,3690.53,73656.65,0.4498,0.66,0.0000,0.0094,0.0317,,,,,,,
55.1763,6,3,12.4263,67.6024,converged,3690.53,73656.65,0.4498,0.66,0.0000,0.0112,0.0176,,,,,,,
45.9284,8,3,9.4325,55.3605,converged,3690.68,73656.72,0.4426,0.63,0.0000,0.0111,0.0156,,,,,,,
51.1949,7,3,9.1917,60.3857,converged,3690.68,73656.72,0.4426,0.63,0.0000,0.0107,0.0215,,,,,,,
55.0004,6,3,9.7516,64.7516,converged,3690.80,73656.78,0.4348,0.61,0.0000,0.0083,0.0167,,,,,,,
33.6098,10,3,9.9771,43.5862,converged,3690.80,73656.78,0.4348,0.61,0.0000,0.0076,0.0075,,,,,,,
42.9910,8,3,8.8007,51.7917,converged,3690.93,73656.83,0.4258,0.61,0.0000,0.0142,0.0139,,,,,,,
31.4969,10,3,12.3340,43.8301,converged,3690.93,73656.83,0.4258,0.61,0.0000,0.0051,0.0069,,,,,,,
33.9323,10,3,10.3807,44.3127,converged,3691.04,73656.89,0.4178,0.62,0.0000,0.0119,0.0133,,,,,,,
26.2357,10,3,9.8603,36.0954,converged,3691.04,73656.89,0.4178,0.62,0.0000,0.0100,0.0132,,,,,,,
56.5422,6,3,9.7935,66.3356,converged,3691.15,73656.94,0.4099,0.65,0.0000,0.0122,0.0063,,,,,,,
52.9327,6,3,9.0345,61.9665,converged,3691.15,73656.94,0.4099,0.65,0.0000,0.0196,0.0078,,,,,,,
21.3291,10,3,9.3675,30.6965,converged,3691.31,73657.00,0.4047,0.66,0.0000,0.0070,0.0023,,,,,,,
43.1476,8,3,8.9799,52.1269,converged,3691.31,73657.00,0.4047,0.66,0.0000,0.0112,0.0075,,,,,,,
52.0064,6,3,8.6188,60.6248,converged,3691.43,73657.05,0.4050,0.63,0.0000,0.0084,0.0323,,,,,,,
29.8679,10,3,8.6432,38.5102,converged,3691.43,73657.05,0.4050,0.63,0.0000,0.0098,0.0098,,,,,,,
53.0124,6,3,12.1446,65.1567,converged,3691.54,73657.10,0.4073,0.50,0.0000,0.0102,0.0169,,,,,,,
21.9954,10,3,9.3301,31.3251,converged,3691.54,73657.10,0.4073,0.50,0.0000,0.0094,0.0058,,,,,,,
34.8847,9,3,9.0621,43.9461,converged,3691.62,73657.14,0.4112,0.38,0.0000,0.0097,0.0034,,,,,,,
38.8415,9,3,8.8029,47.6439,converged,3691.62,73657.14,0.4112,0.38,0.0000,0.0062,0.0030,,,,,,,
49.9198,7,3,9.6557,59.5748,converged,3691.69,73657.17,0.4171,0.28,0.0000,0.0057,0.0093,,,,,,,
35.4881,9,3,9.6496,45.1377,converged,3691.69,73657.17,0.4171,0.28,0.0000,0.0064,0.0018,,,,,,,
52.5162,6,3,9.9258,62.4419,converged,3691.74,73657.19,0.4224,0.20,0.0000,0.0124,0.0065,,,,,,,
55.5484,6,3,9.3176,64.8656,converged,3691.74,73657.19,0.4224,0.20,0.0000,0.0092,0.0140,,,,,,,
46.3610,7,3,10.1967,56.5577,converged,3691.77,73657.20,0.4262,0.07,0.0000,0.0073,0.0051,,,,,,,
48.1830,7,3,9.0291,57.2111,converged,3691.77,73657.20,0.4262,0.07,0.0000,0.0076,0.0075,,,,,,,
58.2100,5,3,8.8542,67.0642,converged,3691.77,73657.20,0.4269,0.00,0.0000,0.0065,0.0284,,,,,,,
33.2505,10,3,9.5917,42.8417,converged,3691.77,73657.20,0.4269,0.00,0.0000,0.0052,0.0022,,,,,,,
51.7350,7,3,8.8775,60.6125,converged,3691.77,73657.20,0.4269,0.00,0.0000,0.0051,0.0052,,,,,,,
31.0755,10,3,8.7265,39.8016,converged,3691.77,73657.20,0.4269,0.00,0.0000,0.0052,0.0018,,,,,,,
44.1079,8,3,9.8615,53.9685,converged,3691.77,73657.20,0.4269,0.00,0.0000,0.0069,0.0032,,,,,,,
31.3920,10,3,11.0105,42.4015,converged,3691.77,73657.20,0.4269,0.00,0.0000,0.0052,0.0019,,,,,,,
51.1085,7,3,13.0223,64.1303,converged,3691.77,73657.20,0.4269,0.00,0.0000,0.0067,0.0072,,,,,,,
21.2292,10,3,9.0288,30.2578,converged,3691.77,73657.20,0.4269,0.00,0.0000,0.0059,0.0024,,,,,,,
44.8252,8,3,9.6095,54.4345,converged,3691.77,73657.20,0.4269,0.00,0.0000,0.0054,0.0046,,,,,,,
30.8159,10,3,9.3712,40.1862,converged,3691.77,73657.20,0.4269,0.00,0.0000,0.0058,0.0017,,,,,,,
43.7733,8,3,9.9040,53.6770,converged,3691.77,73657.20,0.4269,0.00,0.0000,0.0084,0.0024,,,,,,,
20.5799,10,3,10.1736,30.7527,converged,3691.77,73657.20,0.4269,0.00,0.0000,0.0057,0.0017,,,,,,,
31.0277,10,3,9.1867,40.2137,converged,3691.77,73657.20,0.4269,0.00,0.0000,0.0062,0.0018,,,,,,,
48.1814,7,3,11.5168,59.6978,converged,3691.77,73657.20,0.4269,0.00,0.0000,0.0095,0.0087,,,,,,,
47.1317,7,3,9.0392,56.1702,converged,3691.77,73657.20,0.4269,0.00,0.0000,0.0072,0.0086,,,,,,,
45.9124,8,3,8.8713,54.7834,converged,3691.77,73657.20,0.4269,0.00,0.0000,0.0060,0.0068,,,,,,,
36.5138,9,3,10.1366,46.6496,converged,3691.77,73657.20,0.4269,0.00,0.0000,0.0072,0.0033,,,,,,,
53.7121,6,3,9.1273,62.8393,converged,3691.77,73657.20,0.4269,0.00,0.0000,0.0075,0.0208,,,,,,,
39.7418,9,3,9.3404,49.0815,converged,3691.77,73657.20,0.4269,0.00,0.0000,0.0074,0.0029,,,,,,,
53.1120,6,3,9.7576,62.8696,converged,3691.77,73657.20,0.4269,0.00,0.0000,0.0083,0.0201,,,,,,,
32.8260,10,3,10.2505,43.0765,converged,3691.77,73657.20,0.4269,0.00,0.0000,0.0064,0.0017,,,,,,,
31.3870,10,3,9.8266,41.2126,converged,3691.77,73657.20,0.4269,0.00,0.0000,0.0072,0.0018,,,,,,,
34.7592,9,3,10.3842,45.1433,converged,3691.77,73657.20,0.4269,0.00,0.0000,0.0072,0.0028,,,,,,,
47.6385,7,3,10.5208,58.1589,converged,3691.77,73657.20,0.4269,0.00,0.0000,0.0081,0.0105,,,,,,,
23.0790,10,3,13.4876,36.5656,converged,3691.77,73657.20,0.4269,0.00,0.0000,0.0063,0.0019,,,,,,,
42.1876,8,3,9.5076,51.6946,converged,3691.77,73657.20,0.4269,0.00,0.0000,0.0077,0.0065,,,,,,,
57.2166,6,3,9.5426,66.7586,converged,3691.77,73657.20,0.4269,0.00,0.0000,0.0099,0.0246,,,,,,,
32.9093,10,3,14.2779,47.1869,converged,3691.77,73657.20,0.4269,0.00,0.0000,0.0083,0.0026,,,,,,,
23.4331,10,3,10.4162,33.8492,converged,3691.77,73657.20,0.4269,0.00,0.0000,0.0068,0.0015,,,,,,,
54.3859,6,3,9.1769,63.5619,converged,3691.77,73657.20,0.4269,0.00,0.0000,0.0087,0.0255,,,,,,,
31.9289,10,3,10.8960,42.8241,converged,3691.77,73657.20,0.4269,0.00,0.0000,0.0077,0.0017,,,,,,,
26.0560,10,3,9.3990,35.4550,converged,3691.77,73657.20,0.4269,0.00,0.0000,0.0064,0.0017,,,,,,,
20.3563,10,3,11.4534,31.8095,converged,3691.77,73657.20,0.4269,0.00,0.0000,0.0066,0.0020,,,,,,,
39.6799,9,3,9.4902,49.1693,converged,3691.77,73657.20,0.4269,0.00,0.0000,0.0059,0.0040,,,,,,,
39.0547,9,3,9.1070,48.1610,converged,3691.77,73657.20,0.4269,0.00,0.0000,0.0069,0.0042,,,,,,,
52.4100,6,3,10.1470,62.5570,converged,3691.77,73657.20,0.4269,0.00,0.0000,0.0079,0.0274,,,,,,,
29.4874,10,3,10.3903,39.8774,converged,3691.77,73657.20,0.4269,0.00,0.0000,0.0085,0.0023,,,,,,,
53.1040,6,3,10.3419,63.4460,converged,3691.77,73657.20,0.4269,0.00,0.0000,0.0076,0.0250,,,,,,,
54.9967,6,3,9.2406,64.2366,converged,3691.77,73657.20,0.4269,0.00,0.0000,0.0105,0.0195,,,,,,,
30.5309,10,3,9.0112,39.5413,converged,3691.77,73657.20,0.4269,0.00,0.0000,0.0077,0.0016,,,,,,,
37.0113,9,3,10.7774,47.7884,converged,3691.77,73657.20,0.4269,0.00,0.0000,0.0058,0.0045,,,,,,,
52.2286,6,3,10.1490,62.3771,converged,3691.77,73657.20,0.4269,0.00,0.0000,0.0089,0.0231,,,,,,,
52.9253,6,3,9.2882,62.2132,converged,3691.77,73657.20,0.4269,0.00,0.0000,0.0057,0.0279,,,,,,,
51.3618,7,3,10.1319,61.4930,converged,3691.77,73657.20,0.4269,0.00,0.0000,0.0087,0.0087,,,,,,,
39.3510,9,3,10.4885,49.8395,converged,3691.77,73657.20,0.4269,0.00,0.0000,0.0075,0.0020,,,,,,,
56.6106,6,3,8.9504,65.5605,converged,3691.77,73657.20,0.4269,0.00,0.0000,0.0077,0.0232,,,,,,,
55.2228,6,3,9.8200,65.0420,converged,3691.77,73657.20,0.4269,0.00,0.0000,0.0073,0.0198,,,,,,,
27.6418,10,3,9.0111,36.6521,converged,3691.77,73657.20,0.4269,0.00,0.0000,0.0072,0.0016,,,,,,,
30.0343,10,3,8.7754,38.8094,converged,3691.77,73657.20,0.4269,0.00,0.0000,0.0062,0.0028,,,,,,,
47.6548,7,3,10.9157,58.5697,converged,3691.77,73657.20,0.4269,0.00,0.0000,0.0084,0.0160,,,,,,,
38.2008,9,3,9.4176,47.6177,converged,3691.77,73657.20,0.4269,0.00,0.0000,0.0072,0.0037,,,,,,,
48.7856,7,3,10.5445,59.3296,converged,3691.77,73657.20,0.4269,0.00,0.0000,0.0105,0.0065,,,,,,,
22.4939,10,3,8.6410,31.1341,converged,3691.77,73657.20,0.4269,0.00,0.0000,0.0077,0.0017,,,,,,,
35.1437,9,3,8.5760,43.7190,converged,3691.77,73657.20,0.4269,0.00,0.0000,0.0065,0.0045,,,,,,,
50.5155,7,3,9.1951,59.7101,converged,3691.77,73657.20,0.4269,0.00,0.0000,0.0084,0.0082,,,,,,,
49.5909,7,3,9.3267,58.9167,converged,3691.77,73657.20,0.4269,0.00,0.0000,0.0068,0.0160,,,,,,,
41.8315,8,3,14.2933,56.1244,converged,3691.77,73657.20,0.4269,0.00,0.0000,0.0085,0.0078,,,,,,,
50.9095,7,3,8.9776,59.8866,converged,3691.77,73657.20,0.4269,0.00,0.0000,0.0068,0.0050,,,,,,,
47.2166,7,3,10.4289,57.6450,converged,3691.77,73657.20,0.4269,0.00,0.0000,0.0081,0.0110,,,,,,,
25.3211,10,3,9.0873,34.4083,converged,3691.77,73657.20,0.4269,0.00,0.0000,0.0054,0.0039,,,,,,,
22.0635,10,3,8.8210,30.8840,converged,3691.77,73657.20,0.4269,0.00,0.0000,0.0070,0.0017,,,,,,,
31.3390,10,3,11.4552,42.7942,converged,3691.77,73657.20,0.4269,0.00,0.0000,0.0064,0.0015,,,,,,,
33.8802,10,3,9.4437,43.3246,converged,3691.77,73657.20,0.4269,0.00,0.0000,0.0049,0.0047,,,,,,,
38.7222,9,3,9.4086,48.1306,converged,3691.77,73657.20,0.4269,0.00,0.0000,0.0082,0.0024,,,,,,,
37.5720,9,3,9.4398,47.0118,converged,3691.77,73657.20,0.4269,0.00,0.0000,0.0058,0.0059,,,,,,,
24.5798,10,3,9.4692,34.0483,converged,3691.77,73657.20,0.4269,0.00,0.0000,0.0071,0.0019,,,,,,,
24.1378,10,3,11.3793,35.5163,converged,3691.77,73657.20,0.4269,0.00,0.0000,0.0072,0.0017,,,,,,,
22.2933,10,3,8.8951,31.1881,converged,3691.77,73657.20,0.4269,0.00,0.0000,0.0071,0.0021,,,,,,,
45.7502,8,3,14.2234,59.9734,converged,3691.77,73657.20,0.4269,0.00,0.0000,0.0087,0.0045,,,,,,,
40.4624,8,3,8.6702,49.1323,converged,3691.77,73657.20,0.4269,0.00,0.0000,0.0084,0.0061,,,,,,,
42.1422,8,3,9.7727,51.9147,converged,3691.77,73657.20,0.4269,0.00,0.0000,0.0068,0.0082,,,,,,,
51.3613,7,3,8.9996,60.3606,converged,3691.77,73657.20,0.4269,0.00,0.0000,0.0064,0.0114,,,,,,,
54.5202,6,3,8.8616,63.3816,converged,3691.77,73657.20,0.4269,0.00,0.0000,0.0087,0.0286,,,,,,,
20.2007,10,3,9.5646,29.7646,converged,3691.77,73657.20,0.4269,0.00,0.0000,0.0070,0.0016,,,,,,,
44.7454,8,3,8.7146,53.4596,converged,3691.77,73657.20,0.4269,0.00,0.0000,0.0090,0.0070,,,,,,,
59.9200,5,3,9.1037,69.0238,converged,3691.77,73657.20,0.4269,0.00,0.0000,0.0084,0.0427,,,,,,,
30.5132,10,3,9.0979,39.6109,converged,3691.77,73657.20,0.4269,0.00,0.0000,0.0082,0.0020,,,,,,,
43.1015,8,3,9.5832,52.6842,converged,3691.77,73657.20,0.4269,0.00,0.0000,0.0102,0.0021,,,,,,,
46.5485,7,3,9.2466,55.7947,converged,3691.77,73657.20,0.4269,0.00,0.0000,0.0078,0.0146,,,,,,,
53.0945,6,3,11.2465,64.3405,converged,3691.77,73657.20,0.4269,0.00,0.0000,0.0074,0.0271,,,,,,,
56.8178,6,3,9.0317,65.8487,converged,3691.77,73657.20,0.4269,0.00,0.0000,0.0095,0.0231,,,,,,,
31.8728,10,3,8.7126,40.5847,converged,3691.77,73657.20,0.4269,0.00,0.0000,0.0063,0.0028,,,,,,,
48.5135,7,3,10.6936,59.2066,converged,3691.77,73657.20,0.4269,0.00,0.0000,0.0093,0.0099,,,,,,,
54.9318,6,3,9.8204,64.7514,converged,3691.77,73657.20,0.4269,0.00,0.0000,0.0132,0.0156,,,,,,,
59.8205,5,3,10.8096,70.6297,converged,3691.77,73657.20,0.4269,0.00,0.0000,0.0041,0.0644,,,,,,,
27.8331,10,3,9.1587,36.9918,converged,3691.77,73657.20,0.4269,0.00,0.0000,0.0073,0.0017,,,,,,,
51.5359,7,3,8.8544,60.3894,converged,3691.77,73657.20,0.4269,0.00,0.0000,0.0101,0.0078,,,,,,,
24.2259,10,3,9.9798,34.2048,converged,3691.77,73657.20,0.4269,0.00,0.0000,0.0072,0.0015,,,,,,,
45.5481,8,3,8.7414,54.2894,converged,3691.77,73657.20,0.4269,0.00,0.0000,0.0063,0.0101,,,,,,,
43.3282,8,3,10.9946,54.3226,converged,3691.77,73657.20,0.4269,0.00,0.0000,0.0080,0.0086,,,,,,,
29.7628,10,3,10.0240,39.7861,converged,3691.77,73657.20,0.4269,0.00,0.0000,0.0060,0.0036,,,,,,,
46.0419,7,3,13.3444,59.3854,converged,3691.77,73657.20,0.4269,0.00,0.0000,0.0076,0.0086,,,,,,,
34.7660,9,3,8.9856,43.7506,converged,3691.77,73657.20,0.4269,0.00,0.0000,0.0072,0.0030,,,,,,,
32.3037,10,3,10.3905,42.6935,converged,3691.77,73657.20,0.4269,0.00,0.0000,0.0080,0.0023,,,,,,,
39.2876,9,3,8.7995,48.0865,converged,3691.77,73657.20,0.4269,0.00,0.0000,0.0080,0.0023,,,,,,,
46.6310,7,3,9.3303,55.9603,converged,3691.77,73657.20,0.4269,0.00,0.0000,0.0083,0.0126,,,,,,,
53.7495,6,3,9.3532,63.1022,converged,3691.77,73657.20,0.4269,0.00,0.0000,0.0078,0.0304,,,,,,,
21.4797,10,3,10.0900,31.5690,converged,3691.77,73657.20,0.4269,0.00,0.0000,0.0064,0.0029,,,,,,,
23.0086,10,3,9.7136,32.7216,converged,3691.77,73657.20,0.4269,0.00,0.0000,0.0063,0.0018,,,,,,,
47.6005,7,3,9.0553,56.6554,converged,3691.77,73657.20,0.4269,0.00,0.0000,0.0074,0.0142,,,,,,,
30.3137,10,3,8.9335,39.2465,converged,3691.77,73657.20,0.4269,0.00,0.0000,0.0077,0.0018,,,,,,,
46.6764,7,3,9.3670,56.0430,converged,3691.77,73657.20,0.4269,0.00,0.0000,0.0061,0.0175,,,,,,,
55.9160,6,3,9.4252,65.3402,converged,3691.77,73657.20,0.4269,0.00,0.0000,0.0099,0.0176,,,,,,,
46.1603,7,3,11.4815,57.6415,converged,3691.77,73657.20,0.4269,0.00,0.0000,0.0061,0.0224,,,,,,,
43.0649,8,3,10.4887,53.5527,converged,3691.77,73657.20,0.4269,0.00,0.0000,0.0074,0.0061,,,,,,,
25.7407,10,3,13.5400,39.2800,converged,3691.77,73657.20,0.4269,0.00,0.0000,0.0066,0.0023,,,,,,,
46.9245,7,3,12.8762,59.8002,converged,3691.77,73657.20,0.4269,0.00,0.0000,0.0106,0.0099,,,,,,,
35.2125,9,3,8.8655,44.0776,converged,3691.77,73657.20,0.4269,0.00,0.0000,0.0062,0.0062,,,,,,,
37.8931,9,3,9.8047,47.6977,converged,3691.77,73657.20,0.4269,0.00,0.0000,0.0088,0.0028,,,,,,,
31.9262,10,3,9.4525,41.3785,converged,3691.77,73657.20,0.4269,0.00,0.0000,0.0078,0.0020,,,,,,,
33.0650,10,3,9.6422,42.7073,converged,3691.77,73657.20,0.4269,0.00,0.0000,0.0078,0.0027,,,,,,,
27.7102,10,3,9.5145,37.2246,converged,3691.77,73657.20,0.4269,0.00,0.0000,0.0061,0.0021,,,,,,,
26.5204,10,3,10.2592,36.7792,converged,3691.77,73657.20,0.4269,0.00,0.0000,0.0078,0.0016,,,,,,,
44.2252,8,3,8.9035,53.1285,converged,3691.77,73657.20,0.4269,0.00,0.0000,0.0070,0.0069,,,,,,,
45.2739,8,3,9.1843,54.4573,converged,3691.77,73657.20,0.4269,0.00,0.0000,0.0089,0.0044,,,,,,,
56.1056,6,3,9.0912,65.1962,converged,3691.77,73657.20,0.4269,0.00,0.0000,0.0078,0.0268,,,,,,,
22.7878,10,3,9.9033,32.6904,converged,3691.77,73657.20,0.4269,0.00,0.0000,0.0073,0.0017,,,,,,,
57.3527,6,3,8.9205,66.2725,converged,3691.77,73657.20,0.4269,0.00,0.0000,0.0053,0.0302,,,,,,,
20.9504,10,3,9.3175,30.2676,converged,3691.77,73657.20,0.4269,0.00,0.0000,0.0071,0.0020,,,,,,,
47.7425,7,3,8.7929,56.5349,converged,3691.77,73657.20,0.4269,0.00,0.0000,0.0037,0.0225,,,,,,,
32.9190,10,3,9.3992,42.3183,converged,3691.77,73657.20,0.4269,0.00,0.0000,0.0089,0.0028,,,,,,,
59.8399,5,3,9.3414,69.1805,converged,3691.77,73657.20,0.4269,0.00,0.0000,0.0042,0.0557,,,,,,,
26.3167,10,3,10.9160,37.2320,converged,3691.77,73657.20,0.4269,0.00,0.0000,0.0060,0.0025,,,,,,,
43.5379,8,3,8.9525,52.4895,converged,3691.77,73657.20,0.4269,0.00,0.0000,0.0073,0.0057,,,,,,,
38.9661,9,3,9.0854,48.0514,converged,3691.77,73657.20,0.4269,0.00,0.0000,0.0103,0.0049,,,,,,,
49.0387,7,3,9.8921,58.9301,converged,3691.77,73657.20,0.4269,0.00,0.0000,0.0071,0.0160,,,,,,,
20.6831,10,3,10.0966,30.7796,converged,3691.77,73657.20,0.4269,0.00,0.0000,0.0069,0.0018,,,,,,,
29.3628,10,3,8.7700,38.1321,converged,3691.77,73657.20,0.4269,0.00,0.0000,0.0071,0.0021,,,,,,,
29.2513,10,3,10.7849,40.0359,converged,3691.77,73657.20,0.4269,0.00,0.0000,0.0057,0.0032,,,,,,,
46.9383,7,3,10.3529,57.2909,converged,3691.77,73657.20,0.4269,0.00,0.0000,0.0074,0.0156,,,,,,,
44.7139,8,3,10.4534,55.1664,converged,3691.77,73657.20,0.4269,0.00,0.0000,0.0084,0.0079,,,,,,,
41.6964,8,3,13.6589,55.3550,converged,3691.77,73657.20,0.4269,0.00,0.0000,0.0076,0.0084,,,,,,,
54.9969,6,3,9.2610,64.2570,converged,3691.77,73657.20,0.4269,0.00,0.0000,0.0095,0.0189,,,,,,,
53.0399,6,3,9.3610,62.4000,converged,3691.77,73657.20,0.4269,0.00,0.0000,0.0077,0.0189,,,,,,,
26.9257,10,3,10.1226,37.0477,converged,3691.77,73657.20,0.4269,0.00,0.0000,0.0069,0.0019,,,,,,,
50.0295,7,3,9.6857,59.7148,converged,3691.77,73657.20,0.4269,0.00,0.0000,0.0090,0.0134,,,,,,,
42.8351,8,3,10.8854,53.7204,converged,3691.77,73657.20,0.4269,0.00,0.0000,0.0064,0.0086,,,,,,,
33.8010,10,3,10.1372,43.9383,converged,3691.77,73657.20,0.4269,0.00,0.0000,0.0076,0.0016,,,,,,,
26.3186,10,3,10.5028,36.8208,converged,3691.77,73657.20,0.4269,0.00,0.0000,0.0074,0.0017,,,,,,,
35.0069,9,3,11.6857,46.6917,converged,3691.77,73657.20,0.4269,0.00,0.0000,0.0083,0.0019,,,,,,,
51.3751,7,3,9.0443,60.4193,converged,3691.77,73657.20,0.4269,0.00,0.0000,0.0090,0.0152,,,,,,,
57.7108,6,3,8.9991,66.7092,converged,3691.77,73657.20,0.4269,0.00,0.0000,0.0075,0.0373,,,,,,,
24.4000,10,3,9.0448,33.4439,converged,3691.77,73657.20,0.4269,0.00,0.0000,0.0074,0.0018,,,,,,,
21.2082,10,3,9.4401,30.6481,converged,3691.77,73657.20,0.4269,0.00,0.0000,0.0067,0.0024,,,,,,,
49.6704,7,3,12.4623,62.1324,converged,3691.77,73657.20,0.4269,0.00,0.0000,0.0105,0.0064,,,,,,,
41.1650,8,3,9.2095,50.3745,converged,3691.77,73657.20,0.4269,0.00,0.0000,0.0063,0.0097,,,,,,,
50.1557,7,3,9.2237,59.3787,converged,3691.77,73657.20,0.4269,0.00,0.0000,0.0073,0.0143,,,,,,,
55.1782,6,3,8.5469,63.7249,converged,3691.77,73657.20,0.4269,0.00,0.0000,0.0085,0.0320,,,,,,,
38.9421,9,3,8.9039,47.8459,converged,3691.77,73657.20,0.4269,0.00,0.0000,0.0071,0.0037,,,,,,,
59.6186,5,3,9.4446,69.0626,converged,3691.77,73657.20,0.4269,0.00,0.0000,0.0136,0.0669,,,,,,,
54.2219,6,3,9.0756,63.2967,converged,3691.77,73657.20,0.4269,0.00,0.0000,0.0058,0.0315,,,,,,,
49.4117,7,3,9.6003,59.0120,converged,3691.77,73657.20,0.4269,0.00,0.0000,0.0070,0.0170,,,,,,,
34.9117,9,3,14.4938,49.4048,converged,3691.77,73657.20,0.4269,0.00,0.0000,0.0087,0.0023,,,,,,,
27.3835,10,3,9.3246,36.7076,converged,3691.77,73657.20,0.4269,0.00,0.0000,0.0059,0.0032,,,,,,,
45.5805,8,3,9.8471,55.4272,converged,3691.77,73657.20,0.4269,0.00,0.0000,0.0099,0.0029,,,,,,,
37.7661,9,3,9.6955,47.4616,converged,3691.77,73657.20,0.4269,0.00,0.0000,0.0078,0.0055,,,,,,,
23.7947,10,3,8.9736,32.7676,converged,3691.77,73657.20,0.4269,0.00,0.0000,0.0068,0.0016,,,,,,,
39.8647,9,3,9.2876,49.1516,converged,3691.77,73657.20,0.4269,0.00,0.0000,0.0077,0.0039,,,,,,,
53.8538,6,3,8.8950,62.7485,converged,3691.77,73657.20,0.4269,0.00,0.0000,0.0044,0.0330,,,,,,,
59.2855,5,3,9.1135,68.3985,converged,3691.77,73657.20,0.4269,0.00,0.0000,0.0076,0.0603,,,,,,,
43.0882,8,3,9.0774,52.1654,converged,3691.77,73657.20,0.4269,0.00,0.0000,0.0083,0.0060,,,,,,,
55.7121,6,3,9.4015,65.1136,converged,3691.77,73657.20,0.4269,0.00,0.0000,0.0066,0.0352,,,,,,,
40.0401,8,3,9.6976,49.7376,converged,3691.77,73657.20,0.4269,0.00,0.0000,0.0084,0.0053,,,,,,,
48.4212,7,3,10.0256,58.4467,converged,3691.77,73657.20,0.4269,0.00,0.0000,0.0076,0.0137,,,,,,,
35.5745,9,3,9.3105,44.8845,converged,3691.77,73657.20,0.4269,0.00,0.0000,0.0079,0.0031,,,,,,,
30.6598,10,3,9.2026,39.8616,converged,3691.77,73657.20,0.4269,0.00,0.0000,0.0058,0.0025,,,,,,,
55.5587,6,3,10.6757,66.2337,converged,3691.77,73657.20,0.4269,0.00,0.0000,0.0079,0.0243,,,,,,,
31.9165,10,3,9.0440,40.9600,converged,3691.77,73657.20,0.4269,0.00,0.0000,0.0067,0.0029,,,,,,,
53.6698,6,3,9.3206,62.9896,converged,3691.77,73657.20,0.4269,0.00,0.0000,0.0131,0.0198,,,,,,,
23.5231,10,3,9.5830,33.1060,converged,3691.77,73657.20,0.4269,0.00,0.0000,0.0084,0.0024,,,,,,,
24.3345,10,3,9.0256,33.3596,converged,3691.77,73657.20,0.4269,0.00,0.0000,0.0073,0.0017,,,,,,,
47.7034,7,3,8.7466,56.4497,converged,3691.77,73657.20,0.4269,0.00,0.0000,0.0094,0.0091,,,,,,,
38.6893,9,3,9.0381,47.7272,converged,3691.77,73657.20,0.4269,0.00,0.0000,0.0061,0.0034,,,,,,,
58.8273,5,3,9.8324,68.6595,converged,3691.77,73657.20,0.4269,0.00,0.0000,0.0067,0.0473,,,,,,,
23.9290,10,3,11.0205,34.9496,converged,3691.77,73657.20,0.4269,0.00,0.0000,0.0074,0.0019,,,,,,,
43.7017,8,3,10.2736,53.9746,converged,3691.77,73657.20,0.4269,0.00,0.0000,0.0088,0.0028,,,,,,,
37.0588,9,3,10.4192,47.4773,converged,3691.77,73657.20,0.4269,0.00,0.0000,0.0064,0.0047,,,,,,,
25.6481,10,3,9.5522,35.2003,converged,3691.77,73657.20,0.4269,0.00,0.0000,0.0072,0.0019,,,,,,,
42.1756,8,3,9.5172,51.6923,converged,3691.77,73657.20,0.4269,0.00,0.0000,0.0064,0.0086,,,,,,,
38.2778,9,3,9.3938,47.6709,converged,3691.77,73657.20,0.4269,0.00,0.0000,0.0078,0.0021,,,,,,,
49.0018,7,3,8.8367,57.8378,converged,3691.77,73657.20,0.4269,0.00,0.0000,0.0076,0.0103,,,,,,,
53.8785,6,3,10.7169,64.5950,converged,3691.77,73657.20,0.4269,0.00,0.0000,0.0082,0.0232,,,,,,,
33.3154,10,3,11.2735,44.5885,converged,3691.77,73657.20,0.4269,0.00,0.0000,0.0062,0.0023,,,,,,,
39.1840,9,3,10.3732,49.5572,converged,3691.77,73657.20,0.4269,0.00,0.0000,0.0075,0.0037,,,,,,,
22.4834,10,3,11.1183,33.6013,converged,3691.77,73657.20,0.4269,0.00,0.0000,0.0068,0.0024,,,,,,,
20.2886,10,3,8.8262,29.1142,converged,3691.77,73657.20,0.4269,0.00,0.0000,0.0071,0.0019,,,,,,,
25.4340,10,3,9.6696,35.1036,converged,3691.77,73657.20,0.4269,0.00,0.0000,0.0084,0.0024,,,,,,,
53.6364,6,3,9.8443,63.4803,converged,3691.77,73657.20,0.4269,0.00,0.0000,0.0106,0.0189,,,,,,,
35.6702,9,3,9.8547,45.5247,converged,3691.77,73657.20,0.4269,0.00,0.0000,0.0073,0.0031,,,,,,,
34.7255,9,3,11.7837,46.5088,converged,3691.77,73657.20,0.4269,0.00,0.0000,0.0074,0.0029,,,,,,,
35.1511,9,3,14.1919,49.3429,converged,3691.77,73657.20,0.4269,0.00,0.0000,0.0084,0.0020,,,,,,,
57.8698,6,3,9.3306,67.1996,converged,3691.77,73657.20,0.4269,0.00,0.0000,0.0097,0.0147,,,,,,,
43.8464,8,3,9.9777,53.8238,converged,3691.77,73657.20,0.4269,0.00,0.0000,0.0071,0.0084,,,,,,,
20.5146,10,3,8.8951,29.4091,converged,3691.77,73657.20,0.4269,0.00,0.0000,0.0069,0.0018,,,,,,,
20.2061,10,3,10.1047,30.3107,converged,3691.77,73657.20,0.4269,0.00,0.0000,0.0073,0.0018,,,,,,,
36.9684,9,3,11.4700,48.4380,converged,3691.77,73657.20,0.4269,0.00,0.0000,0.0098,0.0019,,,,,,,
